id,labels
0,neg
1,pos
2,neg
3,pos
4,neg
5,neg
6,neg
7,pos
8,neg
9,neg
10,pos
11,pos
12,pos
13,pos
14,pos
15,neg
16,neg
17,neg
18,neg
19,pos
20,neg
21,neg
22,pos
23,neg
24,pos
25,neg
26,pos
27,neg
28,pos
29,neg
30,neg
31,neg
32,neg
33,neg
34,pos
35,neg
36,neg
37,pos
38,pos
39,pos
40,neg
41,pos
42,neg
43,neg
44,pos
45,pos
46,pos
47,neg
48,neg
49,pos
50,neg
51,pos
52,pos
53,pos
54,pos
55,pos
56,pos
57,pos
58,pos
59,pos
60,pos
61,neg
62,pos
63,neg
64,neg
65,neg
66,pos
67,pos
68,neg
69,pos
70,neg
71,neg
72,neg
73,neg
74,pos
75,neg
76,pos
77,pos
78,pos
79,pos
80,pos
81,pos
82,pos
83,neg
84,pos
85,neg
86,pos
87,neg
88,neg
89,neg
90,pos
91,pos
92,neg
93,pos
94,neg
95,neg
96,pos
97,neg
98,pos
99,pos
100,pos
101,pos
102,neg
103,neg
104,neg
105,pos
106,pos
107,pos
108,pos
109,neg
110,pos
111,neg
112,pos
113,pos
114,pos
115,pos
116,pos
117,pos
118,pos
119,neg
120,neg
121,pos
122,neg
123,neg
124,neg
125,pos
126,neg
127,pos
128,neg
129,neg
130,pos
131,pos
132,neg
133,pos
134,neg
135,pos
136,neg
137,pos
138,neg
139,neg
140,neg
141,neg
142,pos
143,neg
144,neg
145,neg
146,neg
147,neg
148,neg
149,pos
150,pos
151,pos
152,pos
153,neg
154,neg
155,pos
156,pos
157,pos
158,pos
159,pos
160,pos
161,pos
162,neg
163,pos
164,neg
165,neg
166,neg
167,neg
168,neg
169,pos
170,neg
171,pos
172,neg
173,neg
174,neg
175,pos
176,neg
177,pos
178,pos
179,neg
180,pos
181,neg
182,neg
183,pos
184,pos
185,neg
186,neg
187,pos
188,neg
189,pos
190,pos
191,neg
192,pos
193,pos
194,pos
195,neg
196,neg
197,neg
198,pos
199,pos
200,neg
201,pos
202,neg
203,pos
204,neg
205,neg
206,pos
207,pos
208,pos
209,pos
210,pos
211,neg
212,pos
213,pos
214,pos
215,pos
216,neg
217,pos
218,pos
219,neg
220,neg
221,neg
222,neg
223,neg
224,pos
225,neg
226,pos
227,pos
228,pos
229,neg
230,neg
231,pos
232,pos
233,pos
234,neg
235,pos
236,pos
237,neg
238,pos
239,neg
240,pos
241,neg
242,pos
243,pos
244,neg
245,pos
246,pos
247,neg
248,pos
249,pos
250,neg
251,neg
252,pos
253,pos
254,pos
255,pos
256,pos
257,pos
258,neg
259,pos
260,pos
261,pos
262,neg
263,pos
264,neg
265,neg
266,pos
267,pos
268,pos
269,neg
270,neg
271,neg
272,pos
273,pos
274,pos
275,neg
276,pos
277,pos
278,pos
279,neg
280,neg
281,pos
282,pos
283,pos
284,pos
285,neg
286,pos
287,neg
288,pos
289,pos
290,pos
291,pos
292,pos
293,pos
294,neg
295,neg
296,pos
297,neg
298,pos
299,neg
300,neg
301,neg
302,neg
303,pos
304,neg
305,pos
306,pos
307,neg
308,pos
309,pos
310,pos
311,pos
312,pos
313,pos
314,neg
315,pos
316,pos
317,neg
318,pos
319,neg
320,neg
321,neg
322,pos
323,neg
324,pos
325,pos
326,pos
327,pos
328,neg
329,neg
330,pos
331,neg
332,pos
333,pos
334,pos
335,neg
336,pos
337,neg
338,neg
339,pos
340,pos
341,neg
342,neg
343,pos
344,neg
345,neg
346,neg
347,pos
348,pos
349,neg
350,neg
351,pos
352,neg
353,neg
354,pos
355,pos
356,pos
357,pos
358,pos
359,pos
360,pos
361,pos
362,pos
363,neg
364,neg
365,neg
366,pos
367,neg
368,neg
369,neg
370,pos
371,neg
372,neg
373,neg
374,neg
375,neg
376,neg
377,neg
378,neg
379,pos
380,neg
381,pos
382,neg
383,pos
384,pos
385,pos
386,neg
387,neg
388,pos
389,pos
390,pos
391,pos
392,neg
393,pos
394,neg
395,pos
396,pos
397,neg
398,pos
399,pos
400,pos
401,neg
402,pos
403,neg
404,pos
405,neg
406,pos
407,neg
408,neg
409,pos
410,pos
411,pos
412,pos
413,pos
414,pos
415,neg
416,pos
417,neg
418,neg
419,pos
420,pos
421,pos
422,pos
423,neg
424,neg
425,pos
426,pos
427,neg
428,neg
429,pos
430,neg
431,neg
432,pos
433,pos
434,pos
435,pos
436,pos
437,neg
438,neg
439,neg
440,pos
441,pos
442,pos
443,pos
444,pos
445,neg
446,pos
447,pos
448,pos
449,neg
450,pos
451,pos
452,neg
453,pos
454,neg
455,neg
456,neg
457,neg
458,neg
459,neg
460,neg
461,pos
462,pos
463,pos
464,pos
465,pos
466,pos
467,neg
468,neg
469,neg
470,neg
471,neg
472,pos
473,pos
474,pos
475,pos
476,neg
477,neg
478,neg
479,neg
480,neg
481,neg
482,neg
483,pos
484,pos
485,neg
486,pos
487,neg
488,neg
489,pos
490,neg
491,neg
492,neg
493,pos
494,neg
495,pos
496,neg
497,pos
498,pos
499,pos
500,neg
501,pos
502,pos
503,pos
504,neg
505,neg
506,pos
507,neg
508,neg
509,neg
510,pos
511,neg
512,pos
513,neg
514,neg
515,neg
516,pos
517,neg
518,pos
519,neg
520,neg
521,pos
522,pos
523,neg
524,neg
525,neg
526,pos
527,pos
528,pos
529,neg
530,pos
531,neg
532,pos
533,pos
534,pos
535,neg
536,neg
537,neg
538,neg
539,neg
540,neg
541,neg
542,pos
543,pos
544,neg
545,pos
546,neg
547,neg
548,neg
549,neg
550,pos
551,pos
552,neg
553,neg
554,pos
555,neg
556,neg
557,pos
558,pos
559,pos
560,pos
561,neg
562,neg
563,pos
564,pos
565,neg
566,pos
567,neg
568,neg
569,neg
570,pos
571,neg
572,neg
573,pos
574,pos
575,neg
576,neg
577,neg
578,pos
579,neg
580,pos
581,pos
582,neg
583,neg
584,pos
585,neg
586,neg
587,neg
588,pos
589,neg
590,pos
591,pos
592,neg
593,neg
594,neg
595,neg
596,neg
597,neg
598,neg
599,pos
600,pos
601,neg
602,neg
603,neg
604,neg
605,neg
606,pos
607,pos
608,pos
609,pos
610,pos
611,pos
612,neg
613,pos
614,pos
615,pos
616,neg
617,neg
618,neg
619,neg
620,neg
621,neg
622,pos
623,pos
624,neg
625,pos
626,pos
627,pos
628,pos
629,pos
630,neg
631,neg
632,pos
633,pos
634,pos
635,neg
636,pos
637,neg
638,neg
639,neg
640,neg
641,pos
642,neg
643,pos
644,pos
645,pos
646,neg
647,pos
648,pos
649,pos
650,pos
651,neg
652,pos
653,neg
654,pos
655,neg
656,neg
657,neg
658,neg
659,neg
660,pos
661,pos
662,pos
663,neg
664,neg
665,pos
666,pos
667,neg
668,pos
669,neg
670,neg
671,neg
672,neg
673,pos
674,neg
675,neg
676,neg
677,neg
678,pos
679,pos
680,pos
681,neg
682,neg
683,neg
684,pos
685,neg
686,neg
687,pos
688,neg
689,neg
690,pos
691,pos
692,pos
693,neg
694,neg
695,pos
696,pos
697,neg
698,neg
699,pos
700,neg
701,neg
702,neg
703,pos
704,neg
705,neg
706,pos
707,neg
708,neg
709,neg
710,neg
711,neg
712,neg
713,neg
714,neg
715,pos
716,pos
717,pos
718,pos
719,pos
720,pos
721,neg
722,neg
723,pos
724,pos
725,pos
726,pos
727,neg
728,pos
729,neg
730,neg
731,neg
732,neg
733,pos
734,neg
735,pos
736,pos
737,neg
738,neg
739,pos
740,neg
741,pos
742,neg
743,pos
744,pos
745,neg
746,neg
747,neg
748,neg
749,pos
750,neg
751,pos
752,pos
753,pos
754,neg
755,neg
756,neg
757,neg
758,neg
759,pos
760,neg
761,pos
762,neg
763,neg
764,pos
765,neg
766,pos
767,neg
768,neg
769,pos
770,pos
771,pos
772,pos
773,neg
774,neg
775,neg
776,pos
777,neg
778,neg
779,neg
780,neg
781,neg
782,pos
783,pos
784,neg
785,neg
786,pos
787,neg
788,pos
789,pos
790,neg
791,neg
792,pos
793,neg
794,neg
795,neg
796,pos
797,neg
798,pos
799,neg
800,pos
801,pos
802,neg
803,pos
804,pos
805,neg
806,pos
807,pos
808,neg
809,neg
810,pos
811,neg
812,pos
813,pos
814,pos
815,pos
816,pos
817,pos
818,pos
819,neg
820,neg
821,pos
822,neg
823,pos
824,pos
825,pos
826,pos
827,neg
828,pos
829,neg
830,pos
831,pos
832,neg
833,pos
834,pos
835,pos
836,neg
837,neg
838,neg
839,pos
840,neg
841,neg
842,pos
843,neg
844,pos
845,neg
846,pos
847,pos
848,neg
849,pos
850,neg
851,neg
852,pos
853,neg
854,pos
855,neg
856,pos
857,pos
858,pos
859,neg
860,neg
861,neg
862,neg
863,pos
864,pos
865,neg
866,pos
867,neg
868,pos
869,neg
870,pos
871,pos
872,neg
873,neg
874,pos
875,neg
876,pos
877,neg
878,neg
879,pos
880,neg
881,pos
882,neg
883,neg
884,neg
885,neg
886,neg
887,pos
888,neg
889,pos
890,pos
891,pos
892,pos
893,pos
894,neg
895,pos
896,neg
897,neg
898,pos
899,neg
900,neg
901,pos
902,neg
903,pos
904,neg
905,neg
906,pos
907,pos
908,pos
909,neg
910,neg
911,pos
912,neg
913,pos
914,neg
915,neg
916,pos
917,pos
918,neg
919,neg
920,neg
921,neg
922,neg
923,pos
924,neg
925,neg
926,pos
927,pos
928,pos
929,pos
930,pos
931,neg
932,pos
933,neg
934,pos
935,neg
936,neg
937,neg
938,neg
939,neg
940,neg
941,neg
942,neg
943,neg
944,pos
945,neg
946,neg
947,neg
948,pos
949,neg
950,pos
951,neg
952,pos
953,pos
954,neg
955,pos
956,neg
957,pos
958,pos
959,neg
960,neg
961,pos
962,pos
963,pos
964,pos
965,pos
966,neg
967,pos
968,pos
969,pos
970,pos
971,pos
972,pos
973,neg
974,pos
975,pos
976,neg
977,pos
978,neg
979,pos
980,pos
981,neg
982,pos
983,neg
984,neg
985,pos
986,pos
987,pos
988,neg
989,pos
990,neg
991,neg
992,neg
993,neg
994,neg
995,pos
996,pos
997,pos
998,pos
999,neg
1000,pos
1001,pos
1002,neg
1003,pos
1004,neg
1005,pos
1006,neg
1007,pos
1008,pos
1009,pos
1010,pos
1011,pos
1012,pos
1013,neg
1014,pos
1015,pos
1016,neg
1017,pos
1018,pos
1019,neg
1020,neg
1021,pos
1022,neg
1023,pos
1024,neg
1025,pos
1026,neg
1027,neg
1028,neg
1029,pos
1030,pos
1031,pos
1032,pos
1033,neg
1034,neg
1035,neg
1036,neg
1037,pos
1038,pos
1039,neg
1040,pos
1041,pos
1042,neg
1043,neg
1044,neg
1045,neg
1046,neg
1047,pos
1048,pos
1049,pos
1050,neg
1051,neg
1052,pos
1053,neg
1054,neg
1055,neg
1056,pos
1057,pos
1058,neg
1059,neg
1060,neg
1061,neg
1062,pos
1063,neg
1064,neg
1065,neg
1066,pos
1067,neg
1068,pos
1069,pos
1070,pos
1071,pos
1072,pos
1073,pos
1074,neg
1075,pos
1076,neg
1077,pos
1078,neg
1079,pos
1080,pos
1081,neg
1082,pos
1083,pos
1084,neg
1085,neg
1086,pos
1087,neg
1088,pos
1089,pos
1090,neg
1091,pos
1092,neg
1093,neg
1094,neg
1095,neg
1096,pos
1097,pos
1098,pos
1099,pos
1100,pos
1101,pos
1102,neg
1103,neg
1104,pos
1105,pos
1106,neg
1107,pos
1108,neg
1109,neg
1110,neg
1111,pos
1112,neg
1113,pos
1114,neg
1115,pos
1116,pos
1117,pos
1118,pos
1119,pos
1120,pos
1121,neg
1122,neg
1123,pos
1124,neg
1125,pos
1126,pos
1127,pos
1128,pos
1129,pos
1130,pos
1131,neg
1132,neg
1133,pos
1134,pos
1135,neg
1136,neg
1137,pos
1138,neg
1139,neg
1140,pos
1141,pos
1142,pos
1143,pos
1144,pos
1145,pos
1146,pos
1147,neg
1148,pos
1149,neg
1150,neg
1151,pos
1152,pos
1153,neg
1154,neg
1155,pos
1156,pos
1157,neg
1158,pos
1159,neg
1160,pos
1161,pos
1162,pos
1163,pos
1164,pos
1165,neg
1166,neg
1167,neg
1168,pos
1169,pos
1170,pos
1171,pos
1172,neg
1173,neg
1174,pos
1175,pos
1176,neg
1177,neg
1178,neg
1179,neg
1180,pos
1181,pos
1182,neg
1183,neg
1184,neg
1185,pos
1186,pos
1187,pos
1188,pos
1189,neg
1190,pos
1191,pos
1192,pos
1193,pos
1194,neg
1195,pos
1196,pos
1197,pos
1198,pos
1199,pos
1200,neg
1201,pos
1202,neg
1203,pos
1204,neg
1205,neg
1206,pos
1207,neg
1208,neg
1209,pos
1210,pos
1211,neg
1212,neg
1213,pos
1214,pos
1215,pos
1216,pos
1217,neg
1218,neg
1219,pos
1220,pos
1221,neg
1222,neg
1223,pos
1224,pos
1225,pos
1226,pos
1227,neg
1228,pos
1229,neg
1230,pos
1231,neg
1232,pos
1233,pos
1234,neg
1235,pos
1236,pos
1237,neg
1238,neg
1239,neg
1240,neg
1241,pos
1242,pos
1243,pos
1244,pos
1245,neg
1246,pos
1247,neg
1248,neg
1249,neg
1250,pos
1251,pos
1252,pos
1253,neg
1254,pos
1255,neg
1256,neg
1257,pos
1258,pos
1259,pos
1260,pos
1261,pos
1262,pos
1263,pos
1264,neg
1265,neg
1266,pos
1267,neg
1268,pos
1269,neg
1270,neg
1271,pos
1272,neg
1273,neg
1274,pos
1275,neg
1276,pos
1277,neg
1278,neg
1279,neg
1280,pos
1281,pos
1282,pos
1283,pos
1284,pos
1285,neg
1286,pos
1287,pos
1288,pos
1289,pos
1290,pos
1291,pos
1292,pos
1293,pos
1294,neg
1295,pos
1296,neg
1297,neg
1298,neg
1299,pos
1300,pos
1301,neg
1302,neg
1303,neg
1304,neg
1305,neg
1306,neg
1307,neg
1308,neg
1309,neg
1310,neg
1311,pos
1312,pos
1313,pos
1314,pos
1315,pos
1316,pos
1317,neg
1318,pos
1319,pos
1320,neg
1321,neg
1322,neg
1323,neg
1324,neg
1325,neg
1326,neg
1327,pos
1328,neg
1329,neg
1330,pos
1331,pos
1332,pos
1333,neg
1334,neg
1335,pos
1336,pos
1337,pos
1338,neg
1339,pos
1340,pos
1341,pos
1342,neg
1343,pos
1344,neg
1345,neg
1346,neg
1347,pos
1348,neg
1349,pos
1350,pos
1351,pos
1352,neg
1353,neg
1354,neg
1355,neg
1356,pos
1357,neg
1358,neg
1359,pos
1360,pos
1361,pos
1362,pos
1363,pos
1364,neg
1365,neg
1366,neg
1367,pos
1368,pos
1369,neg
1370,pos
1371,neg
1372,pos
1373,pos
1374,neg
1375,neg
1376,pos
1377,neg
1378,neg
1379,pos
1380,pos
1381,neg
1382,pos
1383,neg
1384,neg
1385,pos
1386,pos
1387,pos
1388,neg
1389,pos
1390,neg
1391,pos
1392,pos
1393,pos
1394,neg
1395,pos
1396,pos
1397,pos
1398,neg
1399,pos
1400,neg
1401,neg
1402,pos
1403,neg
1404,neg
1405,neg
1406,neg
1407,pos
1408,pos
1409,pos
1410,pos
1411,neg
1412,pos
1413,pos
1414,pos
1415,pos
1416,neg
1417,pos
1418,neg
1419,neg
1420,neg
1421,neg
1422,pos
1423,pos
1424,neg
1425,pos
1426,pos
1427,neg
1428,neg
1429,pos
1430,neg
1431,pos
1432,pos
1433,pos
1434,neg
1435,pos
1436,pos
1437,neg
1438,neg
1439,pos
1440,neg
1441,pos
1442,pos
1443,neg
1444,neg
1445,pos
1446,pos
1447,pos
1448,pos
1449,pos
1450,neg
1451,pos
1452,neg
1453,pos
1454,neg
1455,pos
1456,pos
1457,neg
1458,pos
1459,neg
1460,pos
1461,neg
1462,pos
1463,pos
1464,neg
1465,neg
1466,neg
1467,pos
1468,pos
1469,pos
1470,neg
1471,pos
1472,pos
1473,neg
1474,neg
1475,neg
1476,pos
1477,neg
1478,pos
1479,neg
1480,pos
1481,neg
1482,neg
1483,pos
1484,neg
1485,pos
1486,pos
1487,neg
1488,pos
1489,pos
1490,neg
1491,pos
1492,pos
1493,neg
1494,pos
1495,pos
1496,neg
1497,pos
1498,neg
1499,pos
1500,pos
1501,pos
1502,neg
1503,neg
1504,pos
1505,pos
1506,neg
1507,pos
1508,pos
1509,neg
1510,pos
1511,pos
1512,neg
1513,neg
1514,pos
1515,neg
1516,pos
1517,neg
1518,pos
1519,neg
1520,pos
1521,pos
1522,pos
1523,pos
1524,neg
1525,neg
1526,neg
1527,pos
1528,pos
1529,pos
1530,pos
1531,neg
1532,neg
1533,neg
1534,pos
1535,neg
1536,neg
1537,pos
1538,neg
1539,neg
1540,pos
1541,pos
1542,pos
1543,neg
1544,pos
1545,neg
1546,neg
1547,neg
1548,neg
1549,pos
1550,neg
1551,pos
1552,neg
1553,neg
1554,neg
1555,pos
1556,pos
1557,neg
1558,pos
1559,neg
1560,pos
1561,pos
1562,pos
1563,pos
1564,pos
1565,neg
1566,pos
1567,pos
1568,pos
1569,pos
1570,pos
1571,pos
1572,pos
1573,neg
1574,pos
1575,neg
1576,pos
1577,neg
1578,pos
1579,neg
1580,neg
1581,pos
1582,pos
1583,pos
1584,neg
1585,pos
1586,neg
1587,pos
1588,pos
1589,neg
1590,neg
1591,neg
1592,pos
1593,neg
1594,pos
1595,neg
1596,neg
1597,pos
1598,pos
1599,pos
1600,neg
1601,neg
1602,pos
1603,neg
1604,neg
1605,neg
1606,neg
1607,pos
1608,pos
1609,pos
1610,neg
1611,neg
1612,neg
1613,pos
1614,pos
1615,neg
1616,pos
1617,pos
1618,neg
1619,pos
1620,neg
1621,neg
1622,pos
1623,neg
1624,neg
1625,pos
1626,neg
1627,neg
1628,pos
1629,pos
1630,pos
1631,neg
1632,pos
1633,pos
1634,pos
1635,neg
1636,pos
1637,pos
1638,neg
1639,neg
1640,pos
1641,pos
1642,pos
1643,pos
1644,neg
1645,neg
1646,pos
1647,neg
1648,neg
1649,neg
1650,pos
1651,neg
1652,neg
1653,pos
1654,neg
1655,pos
1656,pos
1657,pos
1658,pos
1659,neg
1660,neg
1661,neg
1662,neg
1663,neg
1664,neg
1665,pos
1666,pos
1667,neg
1668,neg
1669,neg
1670,neg
1671,neg
1672,neg
1673,neg
1674,neg
1675,neg
1676,neg
1677,pos
1678,pos
1679,pos
1680,neg
1681,neg
1682,pos
1683,pos
1684,neg
1685,neg
1686,pos
1687,pos
1688,pos
1689,neg
1690,pos
1691,pos
1692,neg
1693,neg
1694,pos
1695,neg
1696,pos
1697,pos
1698,pos
1699,pos
1700,neg
1701,pos
1702,neg
1703,pos
1704,neg
1705,pos
1706,neg
1707,neg
1708,pos
1709,neg
1710,pos
1711,neg
1712,neg
1713,neg
1714,pos
1715,neg
1716,pos
1717,neg
1718,neg
1719,pos
1720,pos
1721,neg
1722,pos
1723,neg
1724,neg
1725,pos
1726,pos
1727,pos
1728,pos
1729,pos
1730,neg
1731,neg
1732,pos
1733,neg
1734,neg
1735,pos
1736,neg
1737,neg
1738,pos
1739,pos
1740,neg
1741,pos
1742,neg
1743,pos
1744,neg
1745,pos
1746,neg
1747,pos
1748,pos
1749,pos
1750,neg
1751,neg
1752,neg
1753,pos
1754,neg
1755,neg
1756,neg
1757,pos
1758,pos
1759,neg
1760,pos
1761,pos
1762,pos
1763,neg
1764,neg
1765,pos
1766,neg
1767,pos
1768,pos
1769,neg
1770,pos
1771,neg
1772,pos
1773,pos
1774,pos
1775,neg
1776,pos
1777,pos
1778,neg
1779,pos
1780,pos
1781,pos
1782,pos
1783,neg
1784,neg
1785,pos
1786,pos
1787,neg
1788,neg
1789,neg
1790,neg
1791,neg
1792,neg
1793,pos
1794,neg
1795,pos
1796,pos
1797,pos
1798,neg
1799,pos
1800,neg
1801,pos
1802,neg
1803,pos
1804,pos
1805,neg
1806,neg
1807,pos
1808,pos
1809,neg
1810,neg
1811,neg
1812,pos
1813,neg
1814,neg
1815,neg
1816,neg
1817,neg
1818,pos
1819,neg
1820,pos
1821,pos
1822,pos
1823,pos
1824,neg
1825,pos
1826,pos
1827,neg
1828,neg
1829,pos
1830,pos
1831,neg
1832,neg
1833,pos
1834,pos
1835,pos
1836,pos
1837,neg
1838,neg
1839,neg
1840,pos
1841,neg
1842,pos
1843,pos
1844,neg
1845,pos
1846,neg
1847,neg
1848,neg
1849,pos
1850,neg
1851,neg
1852,neg
1853,neg
1854,pos
1855,neg
1856,pos
1857,pos
1858,pos
1859,neg
1860,neg
1861,pos
1862,pos
1863,neg
1864,pos
1865,neg
1866,neg
1867,pos
1868,neg
1869,pos
1870,pos
1871,pos
1872,neg
1873,pos
1874,neg
1875,pos
1876,neg
1877,pos
1878,neg
1879,neg
1880,pos
1881,pos
1882,pos
1883,neg
1884,neg
1885,pos
1886,pos
1887,pos
1888,pos
1889,pos
1890,neg
1891,neg
1892,neg
1893,pos
1894,pos
1895,neg
1896,neg
1897,neg
1898,pos
1899,neg
1900,pos
1901,pos
1902,pos
1903,neg
1904,neg
1905,neg
1906,neg
1907,neg
1908,pos
1909,neg
1910,neg
1911,neg
1912,neg
1913,neg
1914,neg
1915,neg
1916,neg
1917,neg
1918,pos
1919,pos
1920,neg
1921,pos
1922,neg
1923,neg
1924,pos
1925,pos
1926,pos
1927,neg
1928,neg
1929,neg
1930,neg
1931,pos
1932,pos
1933,neg
1934,neg
1935,neg
1936,neg
1937,pos
1938,neg
1939,pos
1940,neg
1941,pos
1942,neg
1943,pos
1944,neg
1945,pos
1946,pos
1947,pos
1948,neg
1949,pos
1950,neg
1951,neg
1952,neg
1953,pos
1954,neg
1955,pos
1956,pos
1957,neg
1958,neg
1959,neg
1960,pos
1961,pos
1962,neg
1963,pos
1964,neg
1965,neg
1966,pos
1967,pos
1968,neg
1969,pos
1970,neg
1971,neg
1972,neg
1973,neg
1974,neg
1975,neg
1976,pos
1977,neg
1978,neg
1979,pos
1980,pos
1981,pos
1982,pos
1983,neg
1984,pos
1985,neg
1986,neg
1987,pos
1988,neg
1989,pos
1990,neg
1991,pos
1992,pos
1993,neg
1994,pos
1995,neg
1996,pos
1997,neg
1998,neg
1999,pos
2000,neg
2001,neg
2002,neg
2003,neg
2004,neg
2005,neg
2006,pos
2007,neg
2008,neg
2009,pos
2010,pos
2011,pos
2012,neg
2013,neg
2014,neg
2015,pos
2016,neg
2017,pos
2018,neg
2019,neg
2020,neg
2021,neg
2022,pos
2023,neg
2024,neg
2025,neg
2026,neg
2027,neg
2028,pos
2029,neg
2030,pos
2031,pos
2032,neg
2033,neg
2034,neg
2035,pos
2036,neg
2037,pos
2038,pos
2039,pos
2040,neg
2041,neg
2042,pos
2043,neg
2044,neg
2045,neg
2046,pos
2047,neg
2048,pos
2049,pos
2050,neg
2051,neg
2052,neg
2053,pos
2054,neg
2055,pos
2056,pos
2057,neg
2058,neg
2059,pos
2060,neg
2061,neg
2062,pos
2063,pos
2064,neg
2065,neg
2066,neg
2067,neg
2068,pos
2069,neg
2070,pos
2071,pos
2072,pos
2073,neg
2074,neg
2075,neg
2076,pos
2077,neg
2078,pos
2079,pos
2080,pos
2081,pos
2082,neg
2083,pos
2084,neg
2085,pos
2086,neg
2087,neg
2088,neg
2089,pos
2090,neg
2091,pos
2092,neg
2093,neg
2094,neg
2095,pos
2096,pos
2097,pos
2098,pos
2099,pos
2100,pos
2101,pos
2102,neg
2103,neg
2104,neg
2105,pos
2106,neg
2107,pos
2108,neg
2109,neg
2110,neg
2111,pos
2112,pos
2113,neg
2114,pos
2115,pos
2116,neg
2117,pos
2118,pos
2119,pos
2120,neg
2121,pos
2122,pos
2123,pos
2124,pos
2125,neg
2126,neg
2127,pos
2128,neg
2129,neg
2130,neg
2131,neg
2132,neg
2133,pos
2134,pos
2135,pos
2136,neg
2137,neg
2138,pos
2139,pos
2140,pos
2141,neg
2142,pos
2143,neg
2144,pos
2145,pos
2146,pos
2147,neg
2148,neg
2149,neg
2150,pos
2151,pos
2152,neg
2153,neg
2154,pos
2155,pos
2156,neg
2157,neg
2158,pos
2159,neg
2160,neg
2161,neg
2162,neg
2163,neg
2164,pos
2165,pos
2166,pos
2167,pos
2168,pos
2169,neg
2170,pos
2171,pos
2172,neg
2173,neg
2174,pos
2175,pos
2176,neg
2177,pos
2178,pos
2179,neg
2180,pos
2181,pos
2182,neg
2183,pos
2184,neg
2185,neg
2186,neg
2187,pos
2188,pos
2189,neg
2190,pos
2191,pos
2192,neg
2193,pos
2194,pos
2195,neg
2196,neg
2197,pos
2198,neg
2199,pos
2200,pos
2201,pos
2202,pos
2203,pos
2204,pos
2205,neg
2206,neg
2207,pos
2208,neg
2209,pos
2210,pos
2211,pos
2212,neg
2213,neg
2214,neg
2215,pos
2216,pos
2217,pos
2218,pos
2219,neg
2220,neg
2221,neg
2222,neg
2223,neg
2224,pos
2225,neg
2226,pos
2227,neg
2228,pos
2229,pos
2230,neg
2231,pos
2232,neg
2233,pos
2234,pos
2235,neg
2236,neg
2237,pos
2238,pos
2239,pos
2240,neg
2241,neg
2242,pos
2243,pos
2244,pos
2245,pos
2246,neg
2247,pos
2248,neg
2249,pos
2250,pos
2251,pos
2252,neg
2253,neg
2254,neg
2255,neg
2256,pos
2257,neg
2258,pos
2259,pos
2260,pos
2261,pos
2262,neg
2263,pos
2264,pos
2265,neg
2266,pos
2267,pos
2268,pos
2269,neg
2270,pos
2271,pos
2272,pos
2273,neg
2274,pos
2275,neg
2276,neg
2277,neg
2278,pos
2279,pos
2280,pos
2281,pos
2282,pos
2283,pos
2284,pos
2285,neg
2286,pos
2287,neg
2288,neg
2289,pos
2290,neg
2291,neg
2292,pos
2293,neg
2294,neg
2295,neg
2296,neg
2297,neg
2298,neg
2299,neg
2300,pos
2301,neg
2302,neg
2303,pos
2304,neg
2305,pos
2306,neg
2307,pos
2308,pos
2309,pos
2310,pos
2311,pos
2312,pos
2313,pos
2314,neg
2315,pos
2316,neg
2317,neg
2318,pos
2319,pos
2320,neg
2321,pos
2322,neg
2323,pos
2324,neg
2325,neg
2326,neg
2327,pos
2328,pos
2329,pos
2330,pos
2331,neg
2332,pos
2333,pos
2334,neg
2335,neg
2336,pos
2337,pos
2338,neg
2339,neg
2340,neg
2341,pos
2342,pos
2343,neg
2344,neg
2345,pos
2346,pos
2347,pos
2348,pos
2349,neg
2350,neg
2351,neg
2352,pos
2353,neg
2354,neg
2355,pos
2356,pos
2357,pos
2358,neg
2359,pos
2360,neg
2361,neg
2362,pos
2363,pos
2364,pos
2365,pos
2366,pos
2367,neg
2368,neg
2369,pos
2370,pos
2371,neg
2372,pos
2373,neg
2374,pos
2375,pos
2376,pos
2377,neg
2378,pos
2379,neg
2380,pos
2381,neg
2382,pos
2383,neg
2384,pos
2385,pos
2386,neg
2387,pos
2388,pos
2389,pos
2390,neg
2391,neg
2392,neg
2393,neg
2394,neg
2395,pos
2396,pos
2397,neg
2398,pos
2399,pos
2400,neg
2401,neg
2402,pos
2403,neg
2404,neg
2405,neg
2406,neg
2407,neg
2408,neg
2409,pos
2410,pos
2411,pos
2412,neg
2413,pos
2414,neg
2415,pos
2416,pos
2417,pos
2418,neg
2419,neg
2420,neg
2421,neg
2422,pos
2423,pos
2424,neg
2425,pos
2426,pos
2427,pos
2428,pos
2429,neg
2430,pos
2431,neg
2432,neg
2433,neg
2434,neg
2435,neg
2436,pos
2437,neg
2438,neg
2439,neg
2440,pos
2441,neg
2442,pos
2443,pos
2444,pos
2445,neg
2446,pos
2447,neg
2448,neg
2449,neg
2450,pos
2451,neg
2452,pos
2453,neg
2454,neg
2455,pos
2456,neg
2457,pos
2458,neg
2459,pos
2460,pos
2461,pos
2462,pos
2463,pos
2464,pos
2465,neg
2466,pos
2467,pos
2468,neg
2469,neg
2470,neg
2471,neg
2472,neg
2473,pos
2474,neg
2475,pos
2476,neg
2477,neg
2478,neg
2479,pos
2480,pos
2481,neg
2482,neg
2483,pos
2484,pos
2485,pos
2486,pos
2487,pos
2488,neg
2489,pos
2490,neg
2491,neg
2492,pos
2493,neg
2494,pos
2495,pos
2496,pos
2497,neg
2498,neg
2499,neg
2500,pos
2501,pos
2502,neg
2503,neg
2504,pos
2505,pos
2506,neg
2507,pos
2508,neg
2509,neg
2510,pos
2511,pos
2512,neg
2513,pos
2514,pos
2515,neg
2516,pos
2517,neg
2518,neg
2519,pos
2520,pos
2521,pos
2522,pos
2523,neg
2524,pos
2525,pos
2526,neg
2527,pos
2528,neg
2529,pos
2530,pos
2531,pos
2532,pos
2533,neg
2534,pos
2535,pos
2536,neg
2537,neg
2538,neg
2539,pos
2540,pos
2541,pos
2542,neg
2543,neg
2544,neg
2545,pos
2546,neg
2547,neg
2548,pos
2549,pos
2550,neg
2551,neg
2552,neg
2553,pos
2554,neg
2555,neg
2556,pos
2557,neg
2558,pos
2559,neg
2560,neg
2561,neg
2562,pos
2563,pos
2564,pos
2565,neg
2566,pos
2567,pos
2568,pos
2569,neg
2570,neg
2571,neg
2572,neg
2573,neg
2574,pos
2575,neg
2576,pos
2577,pos
2578,pos
2579,pos
2580,neg
2581,neg
2582,pos
2583,neg
2584,neg
2585,neg
2586,neg
2587,pos
2588,neg
2589,pos
2590,pos
2591,pos
2592,pos
2593,pos
2594,neg
2595,neg
2596,neg
2597,neg
2598,neg
2599,neg
2600,neg
2601,neg
2602,neg
2603,pos
2604,neg
2605,neg
2606,neg
2607,neg
2608,neg
2609,pos
2610,neg
2611,neg
2612,pos
2613,neg
2614,pos
2615,neg
2616,neg
2617,neg
2618,neg
2619,pos
2620,neg
2621,neg
2622,pos
2623,pos
2624,neg
2625,neg
2626,neg
2627,neg
2628,neg
2629,pos
2630,neg
2631,pos
2632,pos
2633,pos
2634,pos
2635,pos
2636,pos
2637,pos
2638,neg
2639,neg
2640,pos
2641,neg
2642,neg
2643,pos
2644,pos
2645,neg
2646,neg
2647,neg
2648,neg
2649,neg
2650,pos
2651,pos
2652,neg
2653,pos
2654,pos
2655,pos
2656,pos
2657,pos
2658,pos
2659,neg
2660,neg
2661,pos
2662,pos
2663,pos
2664,pos
2665,pos
2666,neg
2667,pos
2668,neg
2669,pos
2670,neg
2671,pos
2672,neg
2673,pos
2674,neg
2675,pos
2676,pos
2677,pos
2678,pos
2679,pos
2680,pos
2681,pos
2682,neg
2683,pos
2684,neg
2685,neg
2686,neg
2687,neg
2688,neg
2689,neg
2690,neg
2691,neg
2692,neg
2693,pos
2694,neg
2695,pos
2696,pos
2697,pos
2698,neg
2699,neg
2700,neg
2701,neg
2702,neg
2703,pos
2704,pos
2705,pos
2706,neg
2707,pos
2708,pos
2709,pos
2710,neg
2711,pos
2712,pos
2713,pos
2714,neg
2715,pos
2716,pos
2717,pos
2718,neg
2719,pos
2720,neg
2721,pos
2722,neg
2723,pos
2724,pos
2725,neg
2726,pos
2727,pos
2728,neg
2729,neg
2730,pos
2731,neg
2732,neg
2733,neg
2734,neg
2735,pos
2736,neg
2737,neg
2738,neg
2739,pos
2740,neg
2741,pos
2742,pos
2743,pos
2744,pos
2745,neg
2746,neg
2747,pos
2748,pos
2749,pos
2750,neg
2751,neg
2752,pos
2753,pos
2754,neg
2755,pos
2756,pos
2757,neg
2758,pos
2759,pos
2760,pos
2761,neg
2762,pos
2763,neg
2764,neg
2765,neg
2766,neg
2767,neg
2768,pos
2769,pos
2770,neg
2771,pos
2772,neg
2773,pos
2774,neg
2775,pos
2776,pos
2777,pos
2778,pos
2779,pos
2780,pos
2781,pos
2782,neg
2783,neg
2784,neg
2785,neg
2786,pos
2787,pos
2788,neg
2789,pos
2790,pos
2791,pos
2792,pos
2793,neg
2794,pos
2795,neg
2796,neg
2797,pos
2798,neg
2799,pos
2800,neg
2801,neg
2802,neg
2803,neg
2804,pos
2805,neg
2806,pos
2807,neg
2808,neg
2809,pos
2810,pos
2811,pos
2812,neg
2813,pos
2814,pos
2815,pos
2816,neg
2817,neg
2818,pos
2819,pos
2820,neg
2821,neg
2822,pos
2823,pos
2824,pos
2825,neg
2826,pos
2827,neg
2828,neg
2829,neg
2830,pos
2831,pos
2832,neg
2833,pos
2834,pos
2835,neg
2836,pos
2837,neg
2838,pos
2839,neg
2840,neg
2841,pos
2842,neg
2843,neg
2844,neg
2845,neg
2846,neg
2847,pos
2848,neg
2849,neg
2850,pos
2851,pos
2852,neg
2853,neg
2854,pos
2855,pos
2856,pos
2857,pos
2858,neg
2859,pos
2860,pos
2861,neg
2862,pos
2863,pos
2864,neg
2865,pos
2866,neg
2867,pos
2868,pos
2869,neg
2870,pos
2871,pos
2872,pos
2873,neg
2874,pos
2875,neg
2876,pos
2877,neg
2878,neg
2879,pos
2880,pos
2881,neg
2882,neg
2883,pos
2884,pos
2885,neg
2886,neg
2887,pos
2888,neg
2889,pos
2890,neg
2891,neg
2892,pos
2893,neg
2894,pos
2895,pos
2896,neg
2897,pos
2898,neg
2899,pos
2900,pos
2901,pos
2902,neg
2903,neg
2904,neg
2905,pos
2906,neg
2907,neg
2908,neg
2909,pos
2910,neg
2911,pos
2912,pos
2913,neg
2914,neg
2915,pos
2916,neg
2917,neg
2918,pos
2919,pos
2920,pos
2921,pos
2922,pos
2923,neg
2924,pos
2925,pos
2926,pos
2927,pos
2928,neg
2929,neg
2930,neg
2931,neg
2932,neg
2933,neg
2934,neg
2935,neg
2936,pos
2937,pos
2938,pos
2939,neg
2940,pos
2941,pos
2942,pos
2943,pos
2944,neg
2945,neg
2946,neg
2947,pos
2948,pos
2949,pos
2950,neg
2951,pos
2952,neg
2953,pos
2954,neg
2955,neg
2956,neg
2957,neg
2958,pos
2959,pos
2960,pos
2961,neg
2962,pos
2963,pos
2964,neg
2965,neg
2966,pos
2967,neg
2968,neg
2969,neg
2970,pos
2971,pos
2972,neg
2973,neg
2974,neg
2975,neg
2976,pos
2977,neg
2978,pos
2979,neg
2980,neg
2981,pos
2982,neg
2983,pos
2984,pos
2985,pos
2986,neg
2987,pos
2988,pos
2989,neg
2990,pos
2991,neg
2992,pos
2993,neg
2994,neg
2995,pos
2996,neg
2997,pos
2998,neg
2999,neg
3000,pos
3001,pos
3002,neg
3003,pos
3004,pos
3005,pos
3006,pos
3007,pos
3008,pos
3009,pos
3010,pos
3011,pos
3012,neg
3013,pos
3014,pos
3015,pos
3016,neg
3017,pos
3018,neg
3019,pos
3020,pos
3021,neg
3022,pos
3023,pos
3024,pos
3025,pos
3026,neg
3027,neg
3028,pos
3029,pos
3030,pos
3031,neg
3032,neg
3033,neg
3034,pos
3035,pos
3036,pos
3037,pos
3038,pos
3039,neg
3040,neg
3041,pos
3042,pos
3043,pos
3044,neg
3045,neg
3046,neg
3047,neg
3048,neg
3049,neg
3050,neg
3051,neg
3052,neg
3053,neg
3054,neg
3055,pos
3056,pos
3057,pos
3058,pos
3059,neg
3060,pos
3061,neg
3062,neg
3063,neg
3064,pos
3065,neg
3066,neg
3067,pos
3068,pos
3069,pos
3070,neg
3071,pos
3072,neg
3073,neg
3074,neg
3075,pos
3076,neg
3077,pos
3078,neg
3079,pos
3080,neg
3081,pos
3082,pos
3083,neg
3084,neg
3085,neg
3086,pos
3087,neg
3088,pos
3089,neg
3090,neg
3091,pos
3092,pos
3093,neg
3094,pos
3095,pos
3096,pos
3097,neg
3098,pos
3099,neg
3100,neg
3101,neg
3102,neg
3103,pos
3104,neg
3105,neg
3106,pos
3107,neg
3108,neg
3109,neg
3110,pos
3111,neg
3112,neg
3113,neg
3114,neg
3115,pos
3116,pos
3117,neg
3118,pos
3119,pos
3120,neg
3121,pos
3122,pos
3123,pos
3124,neg
3125,neg
3126,neg
3127,pos
3128,pos
3129,neg
3130,neg
3131,neg
3132,neg
3133,neg
3134,pos
3135,pos
3136,pos
3137,pos
3138,pos
3139,pos
3140,pos
3141,neg
3142,neg
3143,neg
3144,pos
3145,pos
3146,neg
3147,pos
3148,pos
3149,neg
3150,neg
3151,pos
3152,neg
3153,pos
3154,pos
3155,neg
3156,neg
3157,neg
3158,pos
3159,neg
3160,pos
3161,neg
3162,pos
3163,pos
3164,neg
3165,pos
3166,neg
3167,pos
3168,pos
3169,neg
3170,pos
3171,neg
3172,neg
3173,neg
3174,neg
3175,pos
3176,pos
3177,pos
3178,pos
3179,neg
3180,pos
3181,neg
3182,pos
3183,pos
3184,neg
3185,pos
3186,neg
3187,pos
3188,neg
3189,neg
3190,neg
3191,pos
3192,pos
3193,neg
3194,neg
3195,neg
3196,neg
3197,pos
3198,neg
3199,neg
3200,neg
3201,pos
3202,pos
3203,neg
3204,neg
3205,pos
3206,pos
3207,neg
3208,pos
3209,neg
3210,pos
3211,pos
3212,pos
3213,pos
3214,pos
3215,neg
3216,neg
3217,neg
3218,neg
3219,pos
3220,neg
3221,neg
3222,pos
3223,pos
3224,neg
3225,pos
3226,pos
3227,neg
3228,pos
3229,pos
3230,pos
3231,pos
3232,pos
3233,neg
3234,pos
3235,pos
3236,neg
3237,pos
3238,pos
3239,neg
3240,neg
3241,neg
3242,pos
3243,neg
3244,pos
3245,pos
3246,pos
3247,pos
3248,pos
3249,pos
3250,pos
3251,pos
3252,neg
3253,neg
3254,neg
3255,pos
3256,neg
3257,neg
3258,neg
3259,pos
3260,pos
3261,pos
3262,neg
3263,pos
3264,pos
3265,neg
3266,pos
3267,pos
3268,pos
3269,pos
3270,pos
3271,neg
3272,pos
3273,pos
3274,pos
3275,neg
3276,pos
3277,neg
3278,neg
3279,pos
3280,neg
3281,pos
3282,neg
3283,pos
3284,neg
3285,neg
3286,pos
3287,pos
3288,pos
3289,pos
3290,neg
3291,neg
3292,neg
3293,pos
3294,neg
3295,neg
3296,neg
3297,neg
3298,pos
3299,neg
3300,pos
3301,pos
3302,pos
3303,neg
3304,pos
3305,neg
3306,neg
3307,neg
3308,neg
3309,pos
3310,neg
3311,neg
3312,neg
3313,pos
3314,pos
3315,pos
3316,neg
3317,pos
3318,pos
3319,neg
3320,neg
3321,neg
3322,pos
3323,neg
3324,pos
3325,pos
3326,neg
3327,pos
3328,pos
3329,neg
3330,neg
3331,neg
3332,pos
3333,pos
3334,neg
3335,pos
3336,pos
3337,neg
3338,neg
3339,pos
3340,pos
3341,pos
3342,pos
3343,neg
3344,pos
3345,neg
3346,pos
3347,pos
3348,pos
3349,neg
3350,neg
3351,neg
3352,pos
3353,pos
3354,neg
3355,pos
3356,pos
3357,pos
3358,pos
3359,pos
3360,neg
3361,neg
3362,neg
3363,pos
3364,neg
3365,pos
3366,pos
3367,pos
3368,neg
3369,pos
3370,neg
3371,pos
3372,neg
3373,neg
3374,pos
3375,neg
3376,pos
3377,neg
3378,neg
3379,pos
3380,pos
3381,pos
3382,pos
3383,pos
3384,pos
3385,pos
3386,neg
3387,pos
3388,neg
3389,pos
3390,neg
3391,neg
3392,pos
3393,pos
3394,pos
3395,neg
3396,pos
3397,pos
3398,pos
3399,neg
3400,pos
3401,neg
3402,pos
3403,neg
3404,pos
3405,neg
3406,pos
3407,neg
3408,neg
3409,neg
3410,pos
3411,pos
3412,pos
3413,neg
3414,neg
3415,pos
3416,neg
3417,neg
3418,pos
3419,neg
3420,neg
3421,neg
3422,neg
3423,pos
3424,neg
3425,neg
3426,pos
3427,neg
3428,pos
3429,neg
3430,neg
3431,pos
3432,pos
3433,pos
3434,neg
3435,neg
3436,pos
3437,neg
3438,neg
3439,neg
3440,neg
3441,neg
3442,neg
3443,pos
3444,pos
3445,neg
3446,neg
3447,pos
3448,neg
3449,neg
3450,neg
3451,pos
3452,neg
3453,pos
3454,pos
3455,pos
3456,pos
3457,pos
3458,neg
3459,neg
3460,neg
3461,neg
3462,neg
3463,neg
3464,neg
3465,pos
3466,neg
3467,pos
3468,neg
3469,neg
3470,pos
3471,neg
3472,pos
3473,pos
3474,neg
3475,pos
3476,pos
3477,pos
3478,neg
3479,neg
3480,neg
3481,pos
3482,pos
3483,neg
3484,pos
3485,pos
3486,pos
3487,neg
3488,pos
3489,pos
3490,pos
3491,neg
3492,pos
3493,neg
3494,pos
3495,neg
3496,pos
3497,pos
3498,neg
3499,pos
3500,neg
3501,pos
3502,neg
3503,pos
3504,neg
3505,pos
3506,pos
3507,neg
3508,neg
3509,pos
3510,neg
3511,pos
3512,neg
3513,pos
3514,pos
3515,pos
3516,pos
3517,neg
3518,pos
3519,neg
3520,neg
3521,pos
3522,neg
3523,pos
3524,pos
3525,pos
3526,neg
3527,neg
3528,pos
3529,pos
3530,pos
3531,pos
3532,neg
3533,pos
3534,pos
3535,neg
3536,pos
3537,pos
3538,neg
3539,pos
3540,neg
3541,neg
3542,neg
3543,pos
3544,neg
3545,pos
3546,neg
3547,neg
3548,neg
3549,pos
3550,pos
3551,neg
3552,neg
3553,pos
3554,neg
3555,neg
3556,neg
3557,pos
3558,neg
3559,pos
3560,neg
3561,neg
3562,neg
3563,pos
3564,pos
3565,neg
3566,pos
3567,neg
3568,neg
3569,neg
3570,neg
3571,neg
3572,neg
3573,pos
3574,pos
3575,pos
3576,neg
3577,pos
3578,neg
3579,pos
3580,pos
3581,pos
3582,neg
3583,pos
3584,pos
3585,neg
3586,pos
3587,pos
3588,neg
3589,pos
3590,neg
3591,pos
3592,neg
3593,neg
3594,pos
3595,pos
3596,pos
3597,pos
3598,neg
3599,neg
3600,pos
3601,pos
3602,pos
3603,neg
3604,pos
3605,pos
3606,neg
3607,pos
3608,neg
3609,neg
3610,pos
3611,neg
3612,neg
3613,neg
3614,neg
3615,neg
3616,pos
3617,neg
3618,neg
3619,pos
3620,pos
3621,pos
3622,neg
3623,neg
3624,pos
3625,neg
3626,pos
3627,pos
3628,pos
3629,neg
3630,pos
3631,neg
3632,pos
3633,neg
3634,pos
3635,neg
3636,neg
3637,pos
3638,pos
3639,pos
3640,pos
3641,pos
3642,pos
3643,pos
3644,neg
3645,pos
3646,neg
3647,pos
3648,pos
3649,pos
3650,pos
3651,pos
3652,pos
3653,neg
3654,pos
3655,pos
3656,pos
3657,pos
3658,pos
3659,pos
3660,neg
3661,neg
3662,pos
3663,neg
3664,pos
3665,pos
3666,pos
3667,pos
3668,pos
3669,neg
3670,neg
3671,neg
3672,neg
3673,neg
3674,neg
3675,neg
3676,pos
3677,neg
3678,neg
3679,pos
3680,neg
3681,pos
3682,pos
3683,neg
3684,neg
3685,pos
3686,pos
3687,pos
3688,neg
3689,pos
3690,neg
3691,pos
3692,neg
3693,pos
3694,neg
3695,pos
3696,pos
3697,neg
3698,neg
3699,pos
3700,pos
3701,pos
3702,neg
3703,pos
3704,pos
3705,neg
3706,pos
3707,neg
3708,pos
3709,neg
3710,neg
3711,pos
3712,pos
3713,pos
3714,neg
3715,pos
3716,pos
3717,pos
3718,pos
3719,neg
3720,neg
3721,neg
3722,pos
3723,neg
3724,pos
3725,pos
3726,neg
3727,pos
3728,pos
3729,pos
3730,pos
3731,neg
3732,pos
3733,neg
3734,pos
3735,neg
3736,neg
3737,neg
3738,pos
3739,neg
3740,neg
3741,neg
3742,neg
3743,pos
3744,pos
3745,pos
3746,neg
3747,pos
3748,neg
3749,pos
3750,pos
3751,neg
3752,pos
3753,pos
3754,neg
3755,pos
3756,pos
3757,pos
3758,neg
3759,neg
3760,pos
3761,neg
3762,neg
3763,pos
3764,neg
3765,pos
3766,neg
3767,pos
3768,pos
3769,neg
3770,pos
3771,pos
3772,pos
3773,neg
3774,pos
3775,pos
3776,pos
3777,neg
3778,pos
3779,neg
3780,pos
3781,pos
3782,pos
3783,pos
3784,neg
3785,pos
3786,neg
3787,neg
3788,neg
3789,pos
3790,neg
3791,neg
3792,pos
3793,pos
3794,pos
3795,pos
3796,pos
3797,pos
3798,pos
3799,neg
3800,pos
3801,neg
3802,pos
3803,pos
3804,pos
3805,pos
3806,pos
3807,neg
3808,neg
3809,neg
3810,neg
3811,pos
3812,pos
3813,neg
3814,pos
3815,pos
3816,neg
3817,neg
3818,neg
3819,neg
3820,pos
3821,pos
3822,neg
3823,pos
3824,neg
3825,pos
3826,pos
3827,neg
3828,neg
3829,pos
3830,pos
3831,pos
3832,neg
3833,pos
3834,pos
3835,pos
3836,pos
3837,pos
3838,pos
3839,pos
3840,pos
3841,pos
3842,neg
3843,pos
3844,neg
3845,pos
3846,neg
3847,neg
3848,pos
3849,pos
3850,pos
3851,pos
3852,pos
3853,neg
3854,neg
3855,neg
3856,neg
3857,neg
3858,pos
3859,neg
3860,neg
3861,pos
3862,neg
3863,pos
3864,pos
3865,pos
3866,pos
3867,pos
3868,neg
3869,pos
3870,pos
3871,neg
3872,neg
3873,neg
3874,neg
3875,neg
3876,neg
3877,pos
3878,neg
3879,neg
3880,neg
3881,pos
3882,pos
3883,neg
3884,pos
3885,pos
3886,pos
3887,pos
3888,neg
3889,pos
3890,pos
3891,neg
3892,pos
3893,neg
3894,pos
3895,neg
3896,neg
3897,pos
3898,pos
3899,neg
3900,pos
3901,neg
3902,pos
3903,pos
3904,pos
3905,pos
3906,neg
3907,pos
3908,pos
3909,neg
3910,pos
3911,pos
3912,pos
3913,pos
3914,neg
3915,pos
3916,neg
3917,pos
3918,neg
3919,pos
3920,pos
3921,pos
3922,neg
3923,neg
3924,pos
3925,pos
3926,pos
3927,neg
3928,pos
3929,pos
3930,neg
3931,neg
3932,neg
3933,neg
3934,pos
3935,pos
3936,neg
3937,neg
3938,neg
3939,neg
3940,neg
3941,pos
3942,neg
3943,neg
3944,pos
3945,pos
3946,neg
3947,pos
3948,pos
3949,pos
3950,pos
3951,neg
3952,neg
3953,neg
3954,neg
3955,pos
3956,neg
3957,neg
3958,pos
3959,pos
3960,pos
3961,neg
3962,pos
3963,neg
3964,pos
3965,pos
3966,neg
3967,neg
3968,neg
3969,neg
3970,pos
3971,pos
3972,neg
3973,pos
3974,neg
3975,neg
3976,pos
3977,neg
3978,neg
3979,neg
3980,pos
3981,neg
3982,pos
3983,neg
3984,neg
3985,pos
3986,pos
3987,pos
3988,neg
3989,neg
3990,pos
3991,pos
3992,pos
3993,neg
3994,pos
3995,neg
3996,neg
3997,pos
3998,neg
3999,neg
4000,pos
4001,pos
4002,neg
4003,pos
4004,pos
4005,neg
4006,neg
4007,pos
4008,neg
4009,pos
4010,neg
4011,neg
4012,pos
4013,neg
4014,neg
4015,neg
4016,pos
4017,neg
4018,pos
4019,pos
4020,neg
4021,pos
4022,neg
4023,neg
4024,neg
4025,pos
4026,neg
4027,neg
4028,pos
4029,pos
4030,pos
4031,pos
4032,neg
4033,pos
4034,neg
4035,pos
4036,pos
4037,pos
4038,neg
4039,pos
4040,pos
4041,neg
4042,pos
4043,pos
4044,pos
4045,neg
4046,pos
4047,pos
4048,pos
4049,pos
4050,neg
4051,pos
4052,pos
4053,pos
4054,neg
4055,pos
4056,pos
4057,pos
4058,pos
4059,pos
4060,pos
4061,pos
4062,pos
4063,pos
4064,neg
4065,pos
4066,pos
4067,pos
4068,neg
4069,neg
4070,pos
4071,pos
4072,neg
4073,neg
4074,pos
4075,neg
4076,neg
4077,pos
4078,pos
4079,pos
4080,neg
4081,pos
4082,neg
4083,neg
4084,neg
4085,pos
4086,pos
4087,pos
4088,neg
4089,neg
4090,pos
4091,neg
4092,neg
4093,neg
4094,neg
4095,pos
4096,pos
4097,neg
4098,pos
4099,pos
4100,neg
4101,neg
4102,neg
4103,pos
4104,pos
4105,neg
4106,neg
4107,pos
4108,pos
4109,pos
4110,neg
4111,pos
4112,neg
4113,pos
4114,neg
4115,neg
4116,pos
4117,pos
4118,neg
4119,neg
4120,pos
4121,pos
4122,pos
4123,pos
4124,pos
4125,neg
4126,pos
4127,neg
4128,pos
4129,pos
4130,pos
4131,neg
4132,neg
4133,pos
4134,neg
4135,pos
4136,neg
4137,pos
4138,neg
4139,neg
4140,pos
4141,pos
4142,pos
4143,pos
4144,pos
4145,neg
4146,pos
4147,neg
4148,pos
4149,pos
4150,pos
4151,neg
4152,neg
4153,pos
4154,neg
4155,pos
4156,pos
4157,pos
4158,pos
4159,neg
4160,pos
4161,pos
4162,pos
4163,pos
4164,pos
4165,pos
4166,pos
4167,neg
4168,pos
4169,pos
4170,neg
4171,pos
4172,neg
4173,pos
4174,pos
4175,neg
4176,neg
4177,neg
4178,pos
4179,neg
4180,pos
4181,pos
4182,neg
4183,pos
4184,neg
4185,neg
4186,neg
4187,pos
4188,neg
4189,pos
4190,pos
4191,neg
4192,pos
4193,pos
4194,neg
4195,neg
4196,pos
4197,pos
4198,neg
4199,pos
4200,pos
4201,pos
4202,neg
4203,pos
4204,neg
4205,pos
4206,pos
4207,pos
4208,pos
4209,pos
4210,neg
4211,pos
4212,neg
4213,neg
4214,neg
4215,neg
4216,pos
4217,neg
4218,neg
4219,pos
4220,pos
4221,pos
4222,neg
4223,neg
4224,pos
4225,neg
4226,pos
4227,neg
4228,neg
4229,pos
4230,pos
4231,pos
4232,neg
4233,pos
4234,neg
4235,pos
4236,neg
4237,neg
4238,neg
4239,neg
4240,pos
4241,neg
4242,neg
4243,neg
4244,pos
4245,pos
4246,pos
4247,pos
4248,neg
4249,neg
4250,neg
4251,neg
4252,neg
4253,neg
4254,pos
4255,pos
4256,pos
4257,neg
4258,neg
4259,pos
4260,pos
4261,pos
4262,pos
4263,pos
4264,pos
4265,pos
4266,neg
4267,neg
4268,pos
4269,pos
4270,neg
4271,neg
4272,neg
4273,neg
4274,neg
4275,pos
4276,neg
4277,pos
4278,neg
4279,pos
4280,pos
4281,pos
4282,neg
4283,neg
4284,neg
4285,neg
4286,neg
4287,pos
4288,pos
4289,pos
4290,neg
4291,pos
4292,pos
4293,pos
4294,pos
4295,pos
4296,neg
4297,pos
4298,neg
4299,neg
4300,pos
4301,neg
4302,neg
4303,pos
4304,neg
4305,neg
4306,neg
4307,pos
4308,neg
4309,neg
4310,pos
4311,pos
4312,pos
4313,neg
4314,pos
4315,neg
4316,neg
4317,neg
4318,neg
4319,pos
4320,neg
4321,neg
4322,pos
4323,pos
4324,neg
4325,neg
4326,pos
4327,neg
4328,pos
4329,neg
4330,pos
4331,pos
4332,pos
4333,neg
4334,pos
4335,neg
4336,neg
4337,pos
4338,pos
4339,pos
4340,neg
4341,pos
4342,neg
4343,pos
4344,pos
4345,neg
4346,pos
4347,neg
4348,pos
4349,neg
4350,pos
4351,pos
4352,neg
4353,neg
4354,neg
4355,neg
4356,pos
4357,neg
4358,neg
4359,pos
4360,pos
4361,neg
4362,pos
4363,neg
4364,neg
4365,neg
4366,pos
4367,neg
4368,pos
4369,neg
4370,neg
4371,pos
4372,neg
4373,neg
4374,neg
4375,pos
4376,pos
4377,pos
4378,pos
4379,neg
4380,neg
4381,pos
4382,pos
4383,pos
4384,pos
4385,pos
4386,neg
4387,pos
4388,pos
4389,neg
4390,pos
4391,pos
4392,pos
4393,pos
4394,pos
4395,neg
4396,pos
4397,neg
4398,neg
4399,pos
4400,neg
4401,neg
4402,pos
4403,neg
4404,pos
4405,neg
4406,neg
4407,neg
4408,pos
4409,neg
4410,neg
4411,pos
4412,pos
4413,pos
4414,pos
4415,pos
4416,neg
4417,neg
4418,pos
4419,neg
4420,neg
4421,pos
4422,pos
4423,pos
4424,pos
4425,neg
4426,neg
4427,neg
4428,neg
4429,neg
4430,pos
4431,pos
4432,neg
4433,pos
4434,neg
4435,neg
4436,neg
4437,neg
4438,neg
4439,pos
4440,neg
4441,pos
4442,neg
4443,pos
4444,neg
4445,pos
4446,pos
4447,pos
4448,neg
4449,neg
4450,neg
4451,neg
4452,pos
4453,neg
4454,neg
4455,pos
4456,pos
4457,neg
4458,neg
4459,pos
4460,pos
4461,pos
4462,neg
4463,pos
4464,pos
4465,pos
4466,pos
4467,neg
4468,pos
4469,pos
4470,pos
4471,pos
4472,neg
4473,neg
4474,pos
4475,pos
4476,neg
4477,neg
4478,pos
4479,pos
4480,neg
4481,neg
4482,pos
4483,pos
4484,pos
4485,neg
4486,neg
4487,neg
4488,pos
4489,pos
4490,pos
4491,neg
4492,neg
4493,pos
4494,neg
4495,neg
4496,pos
4497,neg
4498,pos
4499,pos
4500,pos
4501,neg
4502,neg
4503,neg
4504,neg
4505,pos
4506,neg
4507,pos
4508,neg
4509,pos
4510,neg
4511,neg
4512,pos
4513,neg
4514,pos
4515,pos
4516,pos
4517,neg
4518,neg
4519,neg
4520,neg
4521,neg
4522,neg
4523,neg
4524,neg
4525,pos
4526,neg
4527,pos
4528,pos
4529,neg
4530,neg
4531,neg
4532,pos
4533,neg
4534,neg
4535,pos
4536,pos
4537,neg
4538,neg
4539,pos
4540,pos
4541,pos
4542,pos
4543,pos
4544,pos
4545,neg
4546,neg
4547,neg
4548,neg
4549,pos
4550,pos
4551,neg
4552,pos
4553,pos
4554,pos
4555,neg
4556,pos
4557,neg
4558,neg
4559,neg
4560,pos
4561,neg
4562,pos
4563,neg
4564,pos
4565,neg
4566,neg
4567,neg
4568,neg
4569,pos
4570,neg
4571,pos
4572,pos
4573,pos
4574,pos
4575,pos
4576,neg
4577,neg
4578,neg
4579,pos
4580,pos
4581,pos
4582,neg
4583,neg
4584,neg
4585,neg
4586,pos
4587,pos
4588,pos
4589,pos
4590,pos
4591,pos
4592,neg
4593,neg
4594,pos
4595,pos
4596,neg
4597,pos
4598,neg
4599,pos
4600,pos
4601,pos
4602,pos
4603,pos
4604,pos
4605,pos
4606,pos
4607,neg
4608,pos
4609,neg
4610,neg
4611,neg
4612,neg
4613,pos
4614,pos
4615,pos
4616,neg
4617,neg
4618,neg
4619,pos
4620,pos
4621,pos
4622,pos
4623,pos
4624,neg
4625,pos
4626,neg
4627,pos
4628,neg
4629,neg
4630,neg
4631,pos
4632,pos
4633,pos
4634,neg
4635,pos
4636,pos
4637,pos
4638,pos
4639,pos
4640,pos
4641,pos
4642,pos
4643,neg
4644,pos
4645,pos
4646,neg
4647,pos
4648,pos
4649,pos
4650,pos
4651,pos
4652,pos
4653,neg
4654,neg
4655,neg
4656,neg
4657,neg
4658,neg
4659,pos
4660,neg
4661,neg
4662,neg
4663,neg
4664,neg
4665,pos
4666,neg
4667,pos
4668,pos
4669,neg
4670,neg
4671,pos
4672,pos
4673,pos
4674,pos
4675,pos
4676,pos
4677,neg
4678,neg
4679,neg
4680,neg
4681,neg
4682,neg
4683,neg
4684,pos
4685,neg
4686,pos
4687,neg
4688,neg
4689,neg
4690,neg
4691,neg
4692,pos
4693,pos
4694,neg
4695,neg
4696,neg
4697,neg
4698,pos
4699,neg
4700,neg
4701,neg
4702,pos
4703,neg
4704,pos
4705,pos
4706,neg
4707,pos
4708,pos
4709,neg
4710,pos
4711,neg
4712,neg
4713,pos
4714,neg
4715,neg
4716,pos
4717,pos
4718,pos
4719,neg
4720,pos
4721,pos
4722,neg
4723,neg
4724,pos
4725,neg
4726,pos
4727,neg
4728,neg
4729,pos
4730,neg
4731,pos
4732,pos
4733,pos
4734,pos
4735,pos
4736,pos
4737,pos
4738,pos
4739,pos
4740,neg
4741,pos
4742,neg
4743,pos
4744,pos
4745,neg
4746,pos
4747,neg
4748,pos
4749,neg
4750,neg
4751,pos
4752,neg
4753,neg
4754,pos
4755,neg
4756,pos
4757,neg
4758,neg
4759,pos
4760,pos
4761,pos
4762,pos
4763,pos
4764,neg
4765,pos
4766,neg
4767,pos
4768,neg
4769,pos
4770,pos
4771,pos
4772,pos
4773,neg
4774,pos
4775,neg
4776,pos
4777,pos
4778,pos
4779,neg
4780,neg
4781,pos
4782,pos
4783,pos
4784,neg
4785,neg
4786,neg
4787,pos
4788,pos
4789,pos
4790,pos
4791,pos
4792,pos
4793,neg
4794,neg
4795,neg
4796,neg
4797,neg
4798,neg
4799,neg
4800,pos
4801,neg
4802,pos
4803,neg
4804,pos
4805,pos
4806,neg
4807,neg
4808,pos
4809,neg
4810,pos
4811,neg
4812,neg
4813,neg
4814,pos
4815,pos
4816,neg
4817,pos
4818,neg
4819,pos
4820,neg
4821,pos
4822,neg
4823,pos
4824,pos
4825,neg
4826,neg
4827,neg
4828,pos
4829,pos
4830,pos
4831,pos
4832,pos
4833,neg
4834,neg
4835,neg
4836,neg
4837,pos
4838,neg
4839,neg
4840,pos
4841,neg
4842,pos
4843,pos
4844,pos
4845,neg
4846,neg
4847,pos
4848,pos
4849,neg
4850,pos
4851,pos
4852,neg
4853,neg
4854,neg
4855,pos
4856,pos
4857,neg
4858,pos
4859,neg
4860,pos
4861,neg
4862,neg
4863,pos
4864,neg
4865,pos
4866,neg
4867,pos
4868,neg
4869,pos
4870,neg
4871,neg
4872,pos
4873,pos
4874,pos
4875,neg
4876,pos
4877,neg
4878,pos
4879,neg
4880,neg
4881,pos
4882,pos
4883,pos
4884,pos
4885,pos
4886,pos
4887,neg
4888,pos
4889,neg
4890,neg
4891,neg
4892,pos
4893,neg
4894,pos
4895,pos
4896,pos
4897,pos
4898,pos
4899,pos
4900,neg
4901,pos
4902,pos
4903,pos
4904,pos
4905,neg
4906,neg
4907,neg
4908,pos
4909,pos
4910,neg
4911,pos
4912,neg
4913,pos
4914,neg
4915,neg
4916,neg
4917,pos
4918,pos
4919,pos
4920,pos
4921,pos
4922,pos
4923,pos
4924,pos
4925,neg
4926,pos
4927,pos
4928,pos
4929,pos
4930,pos
4931,pos
4932,pos
4933,pos
4934,neg
4935,pos
4936,neg
4937,pos
4938,pos
4939,pos
4940,pos
4941,neg
4942,neg
4943,neg
4944,pos
4945,neg
4946,neg
4947,pos
4948,pos
4949,pos
4950,neg
4951,pos
4952,pos
4953,neg
4954,pos
4955,neg
4956,pos
4957,neg
4958,pos
4959,pos
4960,pos
4961,neg
4962,pos
4963,neg
4964,neg
4965,pos
4966,pos
4967,pos
4968,neg
4969,neg
4970,pos
4971,neg
4972,neg
4973,pos
4974,pos
4975,pos
4976,pos
4977,neg
4978,neg
4979,neg
4980,neg
4981,neg
4982,pos
4983,pos
4984,neg
4985,pos
4986,neg
4987,pos
4988,pos
4989,neg
4990,neg
4991,neg
4992,neg
4993,pos
4994,pos
4995,pos
4996,pos
4997,pos
4998,pos
4999,neg
5000,pos
5001,pos
5002,neg
5003,neg
5004,neg
5005,pos
5006,pos
5007,neg
5008,pos
5009,neg
5010,neg
5011,pos
5012,pos
5013,neg
5014,neg
5015,neg
5016,neg
5017,neg
5018,neg
5019,neg
5020,pos
5021,neg
5022,pos
5023,pos
5024,pos
5025,pos
5026,neg
5027,neg
5028,neg
5029,neg
5030,neg
5031,neg
5032,pos
5033,neg
5034,neg
5035,pos
5036,pos
5037,pos
5038,pos
5039,neg
5040,neg
5041,neg
5042,pos
5043,pos
5044,neg
5045,neg
5046,pos
5047,pos
5048,pos
5049,neg
5050,pos
5051,neg
5052,pos
5053,neg
5054,pos
5055,neg
5056,neg
5057,pos
5058,neg
5059,neg
5060,pos
5061,pos
5062,neg
5063,neg
5064,neg
5065,neg
5066,neg
5067,pos
5068,pos
5069,pos
5070,neg
5071,neg
5072,neg
5073,pos
5074,pos
5075,neg
5076,neg
5077,pos
5078,neg
5079,pos
5080,pos
5081,neg
5082,pos
5083,neg
5084,pos
5085,pos
5086,neg
5087,neg
5088,pos
5089,pos
5090,neg
5091,pos
5092,pos
5093,pos
5094,neg
5095,neg
5096,neg
5097,pos
5098,neg
5099,neg
5100,neg
5101,pos
5102,pos
5103,pos
5104,neg
5105,pos
5106,neg
5107,neg
5108,neg
5109,neg
5110,neg
5111,pos
5112,pos
5113,pos
5114,pos
5115,pos
5116,pos
5117,neg
5118,pos
5119,pos
5120,neg
5121,neg
5122,neg
5123,pos
5124,pos
5125,pos
5126,pos
5127,neg
5128,neg
5129,pos
5130,pos
5131,pos
5132,pos
5133,neg
5134,pos
5135,pos
5136,neg
5137,neg
5138,neg
5139,neg
5140,pos
5141,neg
5142,neg
5143,neg
5144,pos
5145,neg
5146,pos
5147,pos
5148,pos
5149,pos
5150,neg
5151,pos
5152,neg
5153,pos
5154,pos
5155,pos
5156,pos
5157,neg
5158,neg
5159,neg
5160,pos
5161,pos
5162,pos
5163,neg
5164,pos
5165,pos
5166,neg
5167,pos
5168,neg
5169,pos
5170,neg
5171,neg
5172,pos
5173,neg
5174,pos
5175,neg
5176,neg
5177,pos
5178,pos
5179,pos
5180,neg
5181,neg
5182,pos
5183,neg
5184,neg
5185,neg
5186,neg
5187,pos
5188,pos
5189,pos
5190,neg
5191,pos
5192,pos
5193,neg
5194,neg
5195,neg
5196,pos
5197,neg
5198,neg
5199,pos
5200,pos
5201,pos
5202,neg
5203,pos
5204,pos
5205,neg
5206,neg
5207,neg
5208,neg
5209,neg
5210,neg
5211,pos
5212,pos
5213,pos
5214,neg
5215,pos
5216,pos
5217,neg
5218,neg
5219,pos
5220,neg
5221,neg
5222,neg
5223,pos
5224,neg
5225,neg
5226,pos
5227,neg
5228,neg
5229,pos
5230,neg
5231,pos
5232,neg
5233,neg
5234,pos
5235,pos
5236,neg
5237,pos
5238,pos
5239,neg
5240,neg
5241,neg
5242,pos
5243,pos
5244,pos
5245,neg
5246,neg
5247,neg
5248,neg
5249,pos
5250,pos
5251,neg
5252,neg
5253,neg
5254,neg
5255,neg
5256,pos
5257,pos
5258,neg
5259,neg
5260,neg
5261,pos
5262,neg
5263,pos
5264,neg
5265,pos
5266,neg
5267,pos
5268,pos
5269,neg
5270,neg
5271,neg
5272,pos
5273,neg
5274,neg
5275,neg
5276,neg
5277,pos
5278,pos
5279,pos
5280,pos
5281,neg
5282,neg
5283,pos
5284,pos
5285,neg
5286,neg
5287,pos
5288,neg
5289,pos
5290,neg
5291,neg
5292,neg
5293,pos
5294,neg
5295,neg
5296,pos
5297,pos
5298,pos
5299,neg
5300,pos
5301,neg
5302,neg
5303,pos
5304,neg
5305,pos
5306,neg
5307,neg
5308,pos
5309,pos
5310,pos
5311,neg
5312,neg
5313,pos
5314,pos
5315,pos
5316,pos
5317,neg
5318,pos
5319,neg
5320,neg
5321,pos
5322,pos
5323,pos
5324,pos
5325,pos
5326,neg
5327,neg
5328,neg
5329,pos
5330,neg
5331,neg
5332,pos
5333,neg
5334,neg
5335,neg
5336,pos
5337,pos
5338,pos
5339,neg
5340,pos
5341,pos
5342,neg
5343,neg
5344,pos
5345,pos
5346,neg
5347,pos
5348,neg
5349,neg
5350,neg
5351,pos
5352,neg
5353,pos
5354,pos
5355,neg
5356,neg
5357,neg
5358,pos
5359,neg
5360,neg
5361,neg
5362,neg
5363,pos
5364,neg
5365,neg
5366,neg
5367,neg
5368,pos
5369,neg
5370,neg
5371,pos
5372,neg
5373,neg
5374,pos
5375,pos
5376,pos
5377,neg
5378,pos
5379,pos
5380,pos
5381,neg
5382,pos
5383,pos
5384,neg
5385,neg
5386,pos
5387,pos
5388,neg
5389,neg
5390,pos
5391,neg
5392,pos
5393,neg
5394,neg
5395,pos
5396,neg
5397,pos
5398,pos
5399,neg
5400,neg
5401,neg
5402,pos
5403,pos
5404,pos
5405,neg
5406,pos
5407,pos
5408,pos
5409,neg
5410,pos
5411,pos
5412,pos
5413,neg
5414,pos
5415,neg
5416,pos
5417,pos
5418,neg
5419,pos
5420,neg
5421,pos
5422,pos
5423,pos
5424,pos
5425,pos
5426,neg
5427,neg
5428,neg
5429,pos
5430,neg
5431,neg
5432,neg
5433,neg
5434,pos
5435,pos
5436,neg
5437,neg
5438,neg
5439,pos
5440,neg
5441,pos
5442,neg
5443,pos
5444,neg
5445,neg
5446,neg
5447,neg
5448,neg
5449,pos
5450,pos
5451,pos
5452,neg
5453,pos
5454,neg
5455,pos
5456,pos
5457,neg
5458,neg
5459,neg
5460,neg
5461,pos
5462,neg
5463,neg
5464,neg
5465,neg
5466,neg
5467,neg
5468,pos
5469,neg
5470,pos
5471,pos
5472,neg
5473,pos
5474,pos
5475,pos
5476,neg
5477,pos
5478,pos
5479,neg
5480,neg
5481,pos
5482,pos
5483,neg
5484,pos
5485,pos
5486,pos
5487,pos
5488,neg
5489,neg
5490,pos
5491,pos
5492,pos
5493,pos
5494,neg
5495,neg
5496,neg
5497,neg
5498,pos
5499,pos
5500,pos
5501,pos
5502,pos
5503,pos
5504,neg
5505,neg
5506,neg
5507,neg
5508,pos
5509,pos
5510,pos
5511,pos
5512,pos
5513,pos
5514,neg
5515,pos
5516,pos
5517,pos
5518,neg
5519,pos
5520,neg
5521,neg
5522,pos
5523,pos
5524,pos
5525,neg
5526,neg
5527,pos
5528,pos
5529,pos
5530,pos
5531,pos
5532,neg
5533,neg
5534,neg
5535,pos
5536,pos
5537,pos
5538,neg
5539,pos
5540,pos
5541,neg
5542,pos
5543,neg
5544,neg
5545,neg
5546,neg
5547,pos
5548,neg
5549,pos
5550,neg
5551,neg
5552,neg
5553,pos
5554,neg
5555,pos
5556,pos
5557,neg
5558,neg
5559,pos
5560,neg
5561,neg
5562,neg
5563,pos
5564,pos
5565,neg
5566,neg
5567,neg
5568,pos
5569,pos
5570,neg
5571,neg
5572,neg
5573,neg
5574,pos
5575,pos
5576,pos
5577,neg
5578,pos
5579,pos
5580,neg
5581,pos
5582,pos
5583,neg
5584,neg
5585,neg
5586,neg
5587,pos
5588,neg
5589,pos
5590,neg
5591,neg
5592,neg
5593,pos
5594,neg
5595,neg
5596,pos
5597,pos
5598,pos
5599,pos
5600,neg
5601,neg
5602,pos
5603,neg
5604,neg
5605,neg
5606,neg
5607,pos
5608,neg
5609,neg
5610,neg
5611,pos
5612,pos
5613,pos
5614,pos
5615,neg
5616,pos
5617,pos
5618,pos
5619,pos
5620,pos
5621,pos
5622,neg
5623,neg
5624,pos
5625,pos
5626,neg
5627,pos
5628,pos
5629,neg
5630,pos
5631,neg
5632,neg
5633,neg
5634,pos
5635,pos
5636,neg
5637,pos
5638,pos
5639,neg
5640,pos
5641,neg
5642,pos
5643,neg
5644,pos
5645,pos
5646,pos
5647,pos
5648,pos
5649,neg
5650,neg
5651,pos
5652,pos
5653,pos
5654,neg
5655,neg
5656,pos
5657,pos
5658,pos
5659,pos
5660,pos
5661,neg
5662,neg
5663,neg
5664,pos
5665,pos
5666,pos
5667,neg
5668,neg
5669,pos
5670,pos
5671,neg
5672,neg
5673,neg
5674,neg
5675,pos
5676,neg
5677,neg
5678,neg
5679,neg
5680,pos
5681,neg
5682,neg
5683,pos
5684,pos
5685,pos
5686,pos
5687,neg
5688,neg
5689,pos
5690,neg
5691,neg
5692,neg
5693,neg
5694,pos
5695,pos
5696,pos
5697,neg
5698,pos
5699,pos
5700,pos
5701,neg
5702,pos
5703,pos
5704,pos
5705,pos
5706,neg
5707,pos
5708,pos
5709,pos
5710,neg
5711,neg
5712,neg
5713,neg
5714,neg
5715,neg
5716,neg
5717,pos
5718,pos
5719,neg
5720,neg
5721,neg
5722,pos
5723,pos
5724,pos
5725,pos
5726,pos
5727,pos
5728,pos
5729,neg
5730,neg
5731,neg
5732,neg
5733,pos
5734,pos
5735,pos
5736,neg
5737,neg
5738,neg
5739,neg
5740,pos
5741,neg
5742,pos
5743,pos
5744,neg
5745,pos
5746,neg
5747,neg
5748,pos
5749,neg
5750,pos
5751,pos
5752,pos
5753,neg
5754,neg
5755,neg
5756,pos
5757,pos
5758,neg
5759,neg
5760,neg
5761,neg
5762,pos
5763,pos
5764,pos
5765,pos
5766,neg
5767,pos
5768,neg
5769,pos
5770,pos
5771,neg
5772,pos
5773,pos
5774,neg
5775,neg
5776,neg
5777,pos
5778,pos
5779,pos
5780,neg
5781,pos
5782,neg
5783,pos
5784,pos
5785,pos
5786,neg
5787,neg
5788,pos
5789,pos
5790,pos
5791,pos
5792,pos
5793,neg
5794,pos
5795,neg
5796,pos
5797,pos
5798,pos
5799,neg
5800,neg
5801,neg
5802,neg
5803,pos
5804,pos
5805,neg
5806,pos
5807,pos
5808,neg
5809,neg
5810,neg
5811,neg
5812,pos
5813,pos
5814,neg
5815,neg
5816,neg
5817,neg
5818,pos
5819,neg
5820,neg
5821,pos
5822,pos
5823,neg
5824,neg
5825,pos
5826,neg
5827,pos
5828,neg
5829,pos
5830,neg
5831,neg
5832,pos
5833,pos
5834,neg
5835,neg
5836,neg
5837,pos
5838,neg
5839,neg
5840,pos
5841,pos
5842,pos
5843,pos
5844,pos
5845,pos
5846,pos
5847,pos
5848,pos
5849,pos
5850,pos
5851,pos
5852,pos
5853,pos
5854,neg
5855,pos
5856,neg
5857,neg
5858,pos
5859,pos
5860,neg
5861,neg
5862,pos
5863,pos
5864,pos
5865,pos
5866,pos
5867,neg
5868,pos
5869,neg
5870,pos
5871,neg
5872,neg
5873,pos
5874,pos
5875,neg
5876,pos
5877,pos
5878,neg
5879,neg
5880,pos
5881,neg
5882,pos
5883,pos
5884,neg
5885,pos
5886,pos
5887,neg
5888,pos
5889,pos
5890,pos
5891,pos
5892,pos
5893,pos
5894,pos
5895,neg
5896,neg
5897,neg
5898,neg
5899,pos
5900,neg
5901,neg
5902,neg
5903,neg
5904,pos
5905,pos
5906,neg
5907,pos
5908,pos
5909,pos
5910,neg
5911,neg
5912,neg
5913,neg
5914,pos
5915,neg
5916,neg
5917,neg
5918,neg
5919,pos
5920,neg
5921,neg
5922,neg
5923,pos
5924,neg
5925,neg
5926,pos
5927,pos
5928,neg
5929,neg
5930,pos
5931,neg
5932,pos
5933,pos
5934,neg
5935,pos
5936,pos
5937,neg
5938,neg
5939,neg
5940,neg
5941,pos
5942,neg
5943,neg
5944,neg
5945,neg
5946,neg
5947,pos
5948,neg
5949,neg
5950,pos
5951,neg
5952,pos
5953,pos
5954,neg
5955,pos
5956,neg
5957,pos
5958,pos
5959,pos
5960,neg
5961,neg
5962,neg
5963,pos
5964,pos
5965,pos
5966,pos
5967,neg
5968,neg
5969,neg
5970,neg
5971,neg
5972,pos
5973,neg
5974,pos
5975,neg
5976,neg
5977,pos
5978,pos
5979,pos
5980,pos
5981,neg
5982,pos
5983,pos
5984,pos
5985,pos
5986,neg
5987,pos
5988,neg
5989,pos
5990,neg
5991,pos
5992,pos
5993,neg
5994,neg
5995,neg
5996,pos
5997,neg
5998,pos
5999,neg
6000,pos
6001,neg
6002,neg
6003,neg
6004,pos
6005,pos
6006,pos
6007,pos
6008,neg
6009,neg
6010,neg
6011,pos
6012,pos
6013,pos
6014,neg
6015,neg
6016,pos
6017,pos
6018,neg
6019,neg
6020,neg
6021,pos
6022,pos
6023,pos
6024,pos
6025,neg
6026,neg
6027,pos
6028,neg
6029,neg
6030,neg
6031,neg
6032,pos
6033,neg
6034,pos
6035,neg
6036,pos
6037,pos
6038,neg
6039,pos
6040,pos
6041,pos
6042,pos
6043,pos
6044,pos
6045,pos
6046,pos
6047,neg
6048,neg
6049,pos
6050,neg
6051,neg
6052,neg
6053,pos
6054,neg
6055,pos
6056,pos
6057,pos
6058,neg
6059,neg
6060,neg
6061,pos
6062,neg
6063,pos
6064,neg
6065,neg
6066,pos
6067,pos
6068,neg
6069,neg
6070,pos
6071,pos
6072,neg
6073,pos
6074,pos
6075,pos
6076,pos
6077,neg
6078,neg
6079,neg
6080,pos
6081,neg
6082,neg
6083,pos
6084,pos
6085,pos
6086,pos
6087,neg
6088,pos
6089,neg
6090,neg
6091,pos
6092,pos
6093,neg
6094,neg
6095,pos
6096,neg
6097,pos
6098,neg
6099,pos
6100,pos
6101,neg
6102,pos
6103,neg
6104,neg
6105,pos
6106,pos
6107,pos
6108,neg
6109,pos
6110,pos
6111,pos
6112,pos
6113,neg
6114,pos
6115,pos
6116,neg
6117,neg
6118,neg
6119,pos
6120,pos
6121,pos
6122,neg
6123,neg
6124,pos
6125,neg
6126,neg
6127,neg
6128,pos
6129,neg
6130,neg
6131,neg
6132,pos
6133,pos
6134,pos
6135,neg
6136,pos
6137,neg
6138,pos
6139,pos
6140,pos
6141,neg
6142,pos
6143,pos
6144,pos
6145,pos
6146,pos
6147,pos
6148,pos
6149,neg
6150,pos
6151,pos
6152,neg
6153,neg
6154,pos
6155,pos
6156,neg
6157,neg
6158,pos
6159,pos
6160,neg
6161,neg
6162,neg
6163,neg
6164,neg
6165,pos
6166,neg
6167,pos
6168,neg
6169,pos
6170,neg
6171,pos
6172,neg
6173,pos
6174,pos
6175,pos
6176,neg
6177,pos
6178,pos
6179,pos
6180,pos
6181,neg
6182,neg
6183,neg
6184,pos
6185,neg
6186,pos
6187,pos
6188,neg
6189,pos
6190,neg
6191,neg
6192,neg
6193,neg
6194,pos
6195,pos
6196,neg
6197,pos
6198,neg
6199,neg
6200,neg
6201,pos
6202,pos
6203,pos
6204,pos
6205,pos
6206,pos
6207,neg
6208,pos
6209,neg
6210,neg
6211,neg
6212,neg
6213,pos
6214,pos
6215,pos
6216,pos
6217,neg
6218,neg
6219,pos
6220,pos
6221,pos
6222,neg
6223,pos
6224,neg
6225,neg
6226,pos
6227,pos
6228,pos
6229,neg
6230,pos
6231,neg
6232,neg
6233,pos
6234,neg
6235,neg
6236,pos
6237,neg
6238,neg
6239,pos
6240,neg
6241,pos
6242,neg
6243,neg
6244,pos
6245,neg
6246,neg
6247,neg
6248,neg
6249,pos
6250,neg
6251,neg
6252,neg
6253,pos
6254,pos
6255,neg
6256,neg
6257,neg
6258,neg
6259,pos
6260,neg
6261,neg
6262,neg
6263,neg
6264,pos
6265,neg
6266,neg
6267,neg
6268,pos
6269,pos
6270,pos
6271,pos
6272,neg
6273,pos
6274,neg
6275,pos
6276,pos
6277,pos
6278,neg
6279,neg
6280,pos
6281,pos
6282,neg
6283,neg
6284,pos
6285,neg
6286,pos
6287,neg
6288,pos
6289,pos
6290,neg
6291,pos
6292,neg
6293,pos
6294,neg
6295,neg
6296,pos
6297,neg
6298,pos
6299,pos
6300,pos
6301,neg
6302,neg
6303,pos
6304,neg
6305,neg
6306,neg
6307,neg
6308,neg
6309,neg
6310,pos
6311,neg
6312,pos
6313,pos
6314,neg
6315,pos
6316,pos
6317,neg
6318,neg
6319,pos
6320,pos
6321,neg
6322,neg
6323,neg
6324,pos
6325,pos
6326,pos
6327,neg
6328,pos
6329,pos
6330,pos
6331,pos
6332,pos
6333,neg
6334,pos
6335,pos
6336,pos
6337,pos
6338,neg
6339,pos
6340,pos
6341,pos
6342,neg
6343,pos
6344,neg
6345,neg
6346,neg
6347,pos
6348,neg
6349,pos
6350,neg
6351,neg
6352,pos
6353,neg
6354,neg
6355,neg
6356,neg
6357,neg
6358,pos
6359,pos
6360,neg
6361,pos
6362,pos
6363,pos
6364,pos
6365,neg
6366,pos
6367,pos
6368,pos
6369,neg
6370,pos
6371,neg
6372,neg
6373,pos
6374,neg
6375,neg
6376,neg
6377,pos
6378,pos
6379,pos
6380,neg
6381,pos
6382,neg
6383,pos
6384,pos
6385,pos
6386,pos
6387,pos
6388,pos
6389,neg
6390,pos
6391,pos
6392,pos
6393,neg
6394,pos
6395,neg
6396,neg
6397,neg
6398,pos
6399,neg
6400,neg
6401,neg
6402,neg
6403,pos
6404,pos
6405,neg
6406,pos
6407,pos
6408,pos
6409,neg
6410,pos
6411,pos
6412,neg
6413,neg
6414,neg
6415,pos
6416,neg
6417,neg
6418,pos
6419,pos
6420,neg
6421,pos
6422,neg
6423,pos
6424,pos
6425,pos
6426,neg
6427,pos
6428,neg
6429,neg
6430,neg
6431,pos
6432,neg
6433,pos
6434,neg
6435,pos
6436,neg
6437,neg
6438,pos
6439,neg
6440,pos
6441,neg
6442,neg
6443,pos
6444,pos
6445,neg
6446,neg
6447,neg
6448,neg
6449,neg
6450,neg
6451,neg
6452,pos
6453,pos
6454,neg
6455,neg
6456,pos
6457,neg
6458,neg
6459,neg
6460,pos
6461,pos
6462,neg
6463,neg
6464,pos
6465,pos
6466,neg
6467,pos
6468,pos
6469,neg
6470,pos
6471,neg
6472,neg
6473,neg
6474,neg
6475,pos
6476,pos
6477,neg
6478,pos
6479,neg
6480,neg
6481,pos
6482,neg
6483,pos
6484,pos
6485,neg
6486,pos
6487,pos
6488,neg
6489,neg
6490,neg
6491,neg
6492,pos
6493,neg
6494,pos
6495,neg
6496,pos
6497,neg
6498,pos
6499,neg
6500,neg
6501,pos
6502,pos
6503,pos
6504,neg
6505,pos
6506,pos
6507,pos
6508,pos
6509,neg
6510,neg
6511,neg
6512,pos
6513,pos
6514,pos
6515,neg
6516,pos
6517,pos
6518,neg
6519,neg
6520,pos
6521,pos
6522,neg
6523,pos
6524,neg
6525,pos
6526,neg
6527,pos
6528,pos
6529,neg
6530,neg
6531,pos
6532,pos
6533,neg
6534,pos
6535,pos
6536,pos
6537,pos
6538,neg
6539,pos
6540,neg
6541,pos
6542,pos
6543,neg
6544,neg
6545,pos
6546,pos
6547,pos
6548,pos
6549,pos
6550,pos
6551,neg
6552,neg
6553,neg
6554,neg
6555,neg
6556,pos
6557,pos
6558,neg
6559,pos
6560,pos
6561,neg
6562,neg
6563,pos
6564,neg
6565,pos
6566,neg
6567,pos
6568,pos
6569,neg
6570,neg
6571,neg
6572,pos
6573,pos
6574,pos
6575,neg
6576,neg
6577,pos
6578,neg
6579,neg
6580,neg
6581,pos
6582,neg
6583,pos
6584,pos
6585,neg
6586,pos
6587,neg
6588,pos
6589,pos
6590,pos
6591,neg
6592,neg
6593,pos
6594,pos
6595,neg
6596,pos
6597,neg
6598,neg
6599,pos
6600,neg
6601,neg
6602,neg
6603,neg
6604,neg
6605,neg
6606,pos
6607,pos
6608,neg
6609,pos
6610,neg
6611,pos
6612,neg
6613,pos
6614,neg
6615,pos
6616,pos
6617,neg
6618,pos
6619,neg
6620,pos
6621,neg
6622,pos
6623,neg
6624,neg
6625,pos
6626,pos
6627,neg
6628,pos
6629,pos
6630,neg
6631,neg
6632,pos
6633,pos
6634,pos
6635,pos
6636,neg
6637,pos
6638,pos
6639,pos
6640,neg
6641,neg
6642,neg
6643,neg
6644,pos
6645,neg
6646,neg
6647,pos
6648,pos
6649,pos
6650,pos
6651,neg
6652,neg
6653,neg
6654,neg
6655,neg
6656,pos
6657,pos
6658,neg
6659,pos
6660,pos
6661,pos
6662,pos
6663,neg
6664,pos
6665,neg
6666,neg
6667,pos
6668,pos
6669,neg
6670,pos
6671,neg
6672,pos
6673,pos
6674,pos
6675,neg
6676,neg
6677,pos
6678,neg
6679,pos
6680,pos
6681,pos
6682,neg
6683,neg
6684,neg
6685,neg
6686,pos
6687,neg
6688,neg
6689,neg
6690,pos
6691,pos
6692,pos
6693,neg
6694,pos
6695,pos
6696,neg
6697,pos
6698,pos
6699,pos
6700,neg
6701,neg
6702,pos
6703,neg
6704,neg
6705,neg
6706,neg
6707,pos
6708,neg
6709,pos
6710,pos
6711,pos
6712,pos
6713,pos
6714,pos
6715,neg
6716,neg
6717,neg
6718,pos
6719,pos
6720,neg
6721,neg
6722,neg
6723,pos
6724,neg
6725,pos
6726,pos
6727,pos
6728,pos
6729,neg
6730,pos
6731,neg
6732,neg
6733,neg
6734,pos
6735,neg
6736,pos
6737,pos
6738,neg
6739,pos
6740,pos
6741,neg
6742,pos
6743,pos
6744,neg
6745,pos
6746,pos
6747,pos
6748,neg
6749,neg
6750,pos
6751,neg
6752,neg
6753,pos
6754,pos
6755,pos
6756,pos
6757,neg
6758,pos
6759,pos
6760,neg
6761,pos
6762,pos
6763,pos
6764,pos
6765,neg
6766,pos
6767,pos
6768,pos
6769,neg
6770,pos
6771,pos
6772,pos
6773,neg
6774,neg
6775,pos
6776,neg
6777,neg
6778,neg
6779,neg
6780,pos
6781,pos
6782,pos
6783,pos
6784,pos
6785,pos
6786,neg
6787,pos
6788,pos
6789,neg
6790,neg
6791,neg
6792,neg
6793,pos
6794,pos
6795,neg
6796,neg
6797,pos
6798,neg
6799,neg
6800,pos
6801,neg
6802,pos
6803,neg
6804,pos
6805,pos
6806,pos
6807,neg
6808,neg
6809,neg
6810,neg
6811,pos
6812,neg
6813,neg
6814,pos
6815,neg
6816,neg
6817,pos
6818,neg
6819,pos
6820,neg
6821,neg
6822,pos
6823,neg
6824,neg
6825,neg
6826,neg
6827,neg
6828,neg
6829,pos
6830,pos
6831,neg
6832,pos
6833,pos
6834,pos
6835,neg
6836,pos
6837,neg
6838,pos
6839,neg
6840,neg
6841,pos
6842,neg
6843,pos
6844,neg
6845,pos
6846,neg
6847,pos
6848,pos
6849,pos
6850,pos
6851,neg
6852,pos
6853,pos
6854,neg
6855,pos
6856,neg
6857,neg
6858,pos
6859,neg
6860,pos
6861,pos
6862,pos
6863,pos
6864,neg
6865,neg
6866,pos
6867,neg
6868,pos
6869,neg
6870,pos
6871,neg
6872,pos
6873,neg
6874,neg
6875,neg
6876,neg
6877,pos
6878,neg
6879,pos
6880,pos
6881,pos
6882,neg
6883,pos
6884,pos
6885,neg
6886,pos
6887,neg
6888,pos
6889,neg
6890,neg
6891,pos
6892,neg
6893,neg
6894,pos
6895,neg
6896,neg
6897,neg
6898,neg
6899,neg
6900,neg
6901,pos
6902,pos
6903,neg
6904,neg
6905,neg
6906,pos
6907,neg
6908,neg
6909,pos
6910,pos
6911,pos
6912,pos
6913,pos
6914,pos
6915,pos
6916,pos
6917,pos
6918,pos
6919,pos
6920,pos
6921,neg
6922,neg
6923,neg
6924,neg
6925,pos
6926,pos
6927,pos
6928,pos
6929,neg
6930,neg
6931,pos
6932,neg
6933,pos
6934,pos
6935,pos
6936,pos
6937,pos
6938,neg
6939,neg
6940,neg
6941,neg
6942,neg
6943,pos
6944,pos
6945,pos
6946,pos
6947,neg
6948,pos
6949,neg
6950,pos
6951,pos
6952,pos
6953,neg
6954,neg
6955,neg
6956,neg
6957,pos
6958,neg
6959,pos
6960,pos
6961,pos
6962,pos
6963,neg
6964,neg
6965,neg
6966,pos
6967,pos
6968,pos
6969,neg
6970,pos
6971,neg
6972,pos
6973,pos
6974,neg
6975,neg
6976,neg
6977,neg
6978,pos
6979,neg
6980,neg
6981,neg
6982,neg
6983,pos
6984,pos
6985,neg
6986,pos
6987,pos
6988,pos
6989,pos
6990,pos
6991,neg
6992,neg
6993,pos
6994,neg
6995,pos
6996,pos
6997,neg
6998,pos
6999,neg
7000,neg
7001,neg
7002,pos
7003,pos
7004,pos
7005,pos
7006,pos
7007,pos
7008,pos
7009,neg
7010,neg
7011,pos
7012,pos
7013,neg
7014,neg
7015,neg
7016,neg
7017,neg
7018,pos
7019,neg
7020,neg
7021,neg
7022,pos
7023,pos
7024,pos
7025,neg
7026,neg
7027,pos
7028,neg
7029,pos
7030,neg
7031,pos
7032,neg
7033,neg
7034,neg
7035,pos
7036,pos
7037,pos
7038,pos
7039,neg
7040,pos
7041,neg
7042,pos
7043,neg
7044,pos
7045,pos
7046,pos
7047,neg
7048,neg
7049,neg
7050,pos
7051,pos
7052,pos
7053,pos
7054,pos
7055,neg
7056,pos
7057,pos
7058,neg
7059,pos
7060,pos
7061,neg
7062,neg
7063,pos
7064,pos
7065,pos
7066,neg
7067,neg
7068,neg
7069,pos
7070,pos
7071,pos
7072,neg
7073,pos
7074,neg
7075,pos
7076,neg
7077,pos
7078,neg
7079,pos
7080,neg
7081,pos
7082,neg
7083,neg
7084,neg
7085,pos
7086,neg
7087,neg
7088,neg
7089,pos
7090,neg
7091,neg
7092,neg
7093,pos
7094,pos
7095,pos
7096,neg
7097,pos
7098,pos
7099,pos
7100,neg
7101,pos
7102,neg
7103,neg
7104,neg
7105,neg
7106,pos
7107,pos
7108,pos
7109,pos
7110,neg
7111,pos
7112,pos
7113,pos
7114,pos
7115,neg
7116,neg
7117,pos
7118,pos
7119,neg
7120,pos
7121,neg
7122,neg
7123,pos
7124,neg
7125,pos
7126,neg
7127,neg
7128,pos
7129,pos
7130,pos
7131,neg
7132,pos
7133,neg
7134,pos
7135,neg
7136,neg
7137,pos
7138,neg
7139,neg
7140,pos
7141,pos
7142,pos
7143,pos
7144,neg
7145,pos
7146,neg
7147,neg
7148,neg
7149,pos
7150,neg
7151,pos
7152,neg
7153,neg
7154,pos
7155,neg
7156,pos
7157,neg
7158,neg
7159,neg
7160,neg
7161,pos
7162,pos
7163,neg
7164,neg
7165,pos
7166,neg
7167,pos
7168,neg
7169,neg
7170,neg
7171,pos
7172,pos
7173,neg
7174,pos
7175,neg
7176,pos
7177,neg
7178,neg
7179,neg
7180,pos
7181,pos
7182,pos
7183,neg
7184,pos
7185,neg
7186,pos
7187,pos
7188,neg
7189,neg
7190,neg
7191,pos
7192,pos
7193,pos
7194,neg
7195,neg
7196,neg
7197,neg
7198,neg
7199,pos
7200,neg
7201,neg
7202,pos
7203,pos
7204,neg
7205,pos
7206,pos
7207,pos
7208,pos
7209,neg
7210,pos
7211,neg
7212,neg
7213,pos
7214,neg
7215,neg
7216,neg
7217,pos
7218,neg
7219,neg
7220,pos
7221,neg
7222,neg
7223,pos
7224,pos
7225,neg
7226,neg
7227,pos
7228,pos
7229,neg
7230,neg
7231,pos
7232,neg
7233,pos
7234,pos
7235,neg
7236,neg
7237,neg
7238,neg
7239,neg
7240,pos
7241,pos
7242,neg
7243,neg
7244,neg
7245,neg
7246,neg
7247,pos
7248,neg
7249,neg
7250,pos
7251,pos
7252,neg
7253,pos
7254,neg
7255,neg
7256,neg
7257,neg
7258,neg
7259,neg
7260,neg
7261,pos
7262,neg
7263,neg
7264,neg
7265,neg
7266,neg
7267,pos
7268,pos
7269,neg
7270,pos
7271,neg
7272,neg
7273,pos
7274,pos
7275,neg
7276,neg
7277,pos
7278,neg
7279,neg
7280,pos
7281,neg
7282,neg
7283,pos
7284,neg
7285,pos
7286,pos
7287,neg
7288,pos
7289,neg
7290,pos
7291,pos
7292,neg
7293,neg
7294,pos
7295,neg
7296,neg
7297,pos
7298,pos
7299,pos
7300,pos
7301,pos
7302,pos
7303,neg
7304,pos
7305,neg
7306,pos
7307,neg
7308,pos
7309,pos
7310,pos
7311,neg
7312,pos
7313,pos
7314,pos
7315,neg
7316,neg
7317,pos
7318,neg
7319,pos
7320,neg
7321,neg
7322,neg
7323,neg
7324,pos
7325,pos
7326,pos
7327,pos
7328,neg
7329,pos
7330,neg
7331,pos
7332,pos
7333,neg
7334,pos
7335,neg
7336,neg
7337,pos
7338,neg
7339,neg
7340,pos
7341,pos
7342,neg
7343,pos
7344,pos
7345,pos
7346,neg
7347,pos
7348,pos
7349,neg
7350,pos
7351,neg
7352,pos
7353,pos
7354,pos
7355,neg
7356,neg
7357,neg
7358,neg
7359,pos
7360,neg
7361,pos
7362,neg
7363,neg
7364,pos
7365,neg
7366,pos
7367,neg
7368,pos
7369,pos
7370,neg
7371,neg
7372,pos
7373,pos
7374,neg
7375,pos
7376,pos
7377,neg
7378,neg
7379,neg
7380,neg
7381,pos
7382,neg
7383,pos
7384,neg
7385,pos
7386,pos
7387,neg
7388,pos
7389,pos
7390,pos
7391,pos
7392,neg
7393,pos
7394,pos
7395,pos
7396,neg
7397,pos
7398,neg
7399,pos
7400,pos
7401,pos
7402,neg
7403,neg
7404,neg
7405,neg
7406,neg
7407,pos
7408,neg
7409,pos
7410,neg
7411,pos
7412,pos
7413,neg
7414,neg
7415,pos
7416,pos
7417,pos
7418,pos
7419,neg
7420,neg
7421,pos
7422,pos
7423,pos
7424,pos
7425,pos
7426,neg
7427,pos
7428,pos
7429,pos
7430,neg
7431,neg
7432,pos
7433,neg
7434,neg
7435,pos
7436,neg
7437,pos
7438,pos
7439,neg
7440,pos
7441,pos
7442,pos
7443,neg
7444,pos
7445,neg
7446,pos
7447,pos
7448,pos
7449,neg
7450,pos
7451,neg
7452,neg
7453,neg
7454,neg
7455,pos
7456,pos
7457,neg
7458,neg
7459,neg
7460,pos
7461,neg
7462,pos
7463,neg
7464,pos
7465,pos
7466,neg
7467,pos
7468,pos
7469,neg
7470,neg
7471,pos
7472,pos
7473,pos
7474,pos
7475,neg
7476,pos
7477,pos
7478,neg
7479,pos
7480,pos
7481,pos
7482,neg
7483,pos
7484,pos
7485,neg
7486,neg
7487,neg
7488,neg
7489,pos
7490,pos
7491,neg
7492,pos
7493,pos
7494,pos
7495,pos
7496,pos
7497,pos
7498,pos
7499,pos
7500,pos
7501,neg
7502,neg
7503,neg
7504,pos
7505,pos
7506,pos
7507,pos
7508,neg
7509,neg
7510,pos
7511,pos
7512,pos
7513,neg
7514,neg
7515,pos
7516,pos
7517,neg
7518,pos
7519,neg
7520,neg
7521,neg
7522,pos
7523,neg
7524,neg
7525,neg
7526,neg
7527,pos
7528,pos
7529,neg
7530,neg
7531,pos
7532,neg
7533,pos
7534,neg
7535,pos
7536,pos
7537,pos
7538,pos
7539,neg
7540,neg
7541,pos
7542,neg
7543,neg
7544,neg
7545,neg
7546,pos
7547,pos
7548,pos
7549,neg
7550,pos
7551,pos
7552,pos
7553,pos
7554,neg
7555,pos
7556,neg
7557,pos
7558,pos
7559,neg
7560,pos
7561,pos
7562,neg
7563,neg
7564,neg
7565,pos
7566,pos
7567,neg
7568,pos
7569,pos
7570,neg
7571,pos
7572,pos
7573,pos
7574,neg
7575,pos
7576,neg
7577,neg
7578,neg
7579,pos
7580,neg
7581,neg
7582,neg
7583,pos
7584,neg
7585,neg
7586,pos
7587,pos
7588,pos
7589,neg
7590,neg
7591,pos
7592,neg
7593,pos
7594,pos
7595,neg
7596,pos
7597,neg
7598,pos
7599,pos
7600,pos
7601,pos
7602,neg
7603,neg
7604,pos
7605,neg
7606,neg
7607,neg
7608,neg
7609,neg
7610,pos
7611,neg
7612,pos
7613,neg
7614,pos
7615,pos
7616,pos
7617,neg
7618,neg
7619,pos
7620,neg
7621,pos
7622,pos
7623,pos
7624,neg
7625,neg
7626,neg
7627,pos
7628,pos
7629,neg
7630,pos
7631,neg
7632,neg
7633,neg
7634,pos
7635,pos
7636,pos
7637,pos
7638,pos
7639,pos
7640,neg
7641,neg
7642,pos
7643,neg
7644,neg
7645,neg
7646,neg
7647,pos
7648,pos
7649,pos
7650,neg
7651,neg
7652,neg
7653,pos
7654,pos
7655,pos
7656,pos
7657,pos
7658,pos
7659,neg
7660,pos
7661,neg
7662,pos
7663,neg
7664,neg
7665,pos
7666,neg
7667,pos
7668,pos
7669,neg
7670,pos
7671,neg
7672,neg
7673,neg
7674,neg
7675,pos
7676,neg
7677,neg
7678,pos
7679,pos
7680,neg
7681,pos
7682,pos
7683,pos
7684,pos
7685,pos
7686,neg
7687,neg
7688,neg
7689,neg
7690,pos
7691,pos
7692,neg
7693,pos
7694,pos
7695,pos
7696,pos
7697,neg
7698,neg
7699,neg
7700,pos
7701,pos
7702,neg
7703,neg
7704,neg
7705,pos
7706,pos
7707,pos
7708,neg
7709,pos
7710,pos
7711,neg
7712,pos
7713,neg
7714,pos
7715,neg
7716,neg
7717,pos
7718,pos
7719,pos
7720,neg
7721,neg
7722,pos
7723,pos
7724,neg
7725,neg
7726,pos
7727,neg
7728,neg
7729,pos
7730,pos
7731,neg
7732,neg
7733,neg
7734,neg
7735,pos
7736,pos
7737,neg
7738,pos
7739,neg
7740,neg
7741,neg
7742,neg
7743,neg
7744,pos
7745,pos
7746,neg
7747,pos
7748,pos
7749,pos
7750,pos
7751,neg
7752,neg
7753,neg
7754,pos
7755,neg
7756,pos
7757,neg
7758,neg
7759,pos
7760,neg
7761,pos
7762,neg
7763,pos
7764,neg
7765,pos
7766,pos
7767,pos
7768,neg
7769,neg
7770,neg
7771,pos
7772,pos
7773,pos
7774,pos
7775,pos
7776,neg
7777,neg
7778,pos
7779,neg
7780,neg
7781,pos
7782,neg
7783,pos
7784,neg
7785,neg
7786,pos
7787,pos
7788,pos
7789,pos
7790,neg
7791,pos
7792,pos
7793,pos
7794,neg
7795,pos
7796,neg
7797,neg
7798,neg
7799,neg
7800,neg
7801,neg
7802,neg
7803,pos
7804,neg
7805,neg
7806,neg
7807,neg
7808,pos
7809,pos
7810,neg
7811,pos
7812,neg
7813,neg
7814,neg
7815,neg
7816,neg
7817,neg
7818,neg
7819,pos
7820,pos
7821,neg
7822,neg
7823,neg
7824,pos
7825,pos
7826,neg
7827,neg
7828,pos
7829,pos
7830,pos
7831,pos
7832,neg
7833,pos
7834,neg
7835,neg
7836,neg
7837,pos
7838,pos
7839,pos
7840,neg
7841,neg
7842,pos
7843,neg
7844,neg
7845,pos
7846,neg
7847,pos
7848,pos
7849,pos
7850,neg
7851,pos
7852,neg
7853,pos
7854,pos
7855,pos
7856,pos
7857,pos
7858,pos
7859,neg
7860,neg
7861,neg
7862,neg
7863,neg
7864,pos
7865,pos
7866,neg
7867,pos
7868,neg
7869,pos
7870,neg
7871,neg
7872,neg
7873,pos
7874,neg
7875,neg
7876,pos
7877,pos
7878,pos
7879,neg
7880,pos
7881,pos
7882,neg
7883,pos
7884,pos
7885,pos
7886,pos
7887,pos
7888,pos
7889,pos
7890,pos
7891,pos
7892,neg
7893,neg
7894,neg
7895,pos
7896,pos
7897,pos
7898,pos
7899,neg
7900,neg
7901,neg
7902,pos
7903,neg
7904,neg
7905,neg
7906,neg
7907,pos
7908,pos
7909,pos
7910,pos
7911,pos
7912,neg
7913,neg
7914,neg
7915,neg
7916,neg
7917,neg
7918,neg
7919,pos
7920,pos
7921,neg
7922,neg
7923,pos
7924,pos
7925,neg
7926,neg
7927,neg
7928,neg
7929,pos
7930,pos
7931,neg
7932,neg
7933,neg
7934,pos
7935,pos
7936,neg
7937,neg
7938,pos
7939,pos
7940,neg
7941,neg
7942,pos
7943,pos
7944,pos
7945,neg
7946,neg
7947,pos
7948,pos
7949,pos
7950,neg
7951,pos
7952,pos
7953,neg
7954,neg
7955,neg
7956,neg
7957,neg
7958,pos
7959,pos
7960,neg
7961,pos
7962,pos
7963,neg
7964,neg
7965,neg
7966,neg
7967,pos
7968,pos
7969,pos
7970,pos
7971,neg
7972,neg
7973,pos
7974,pos
7975,neg
7976,neg
7977,pos
7978,pos
7979,neg
7980,pos
7981,neg
7982,neg
7983,neg
7984,pos
7985,neg
7986,neg
7987,pos
7988,pos
7989,neg
7990,pos
7991,pos
7992,pos
7993,pos
7994,neg
7995,pos
7996,neg
7997,neg
7998,neg
7999,neg
8000,pos
8001,pos
8002,neg
8003,pos
8004,pos
8005,pos
8006,neg
8007,pos
8008,neg
8009,pos
8010,neg
8011,neg
8012,pos
8013,pos
8014,pos
8015,neg
8016,pos
8017,pos
8018,pos
8019,neg
8020,pos
8021,neg
8022,neg
8023,pos
8024,pos
8025,pos
8026,pos
8027,neg
8028,pos
8029,pos
8030,neg
8031,pos
8032,neg
8033,pos
8034,pos
8035,pos
8036,pos
8037,neg
8038,pos
8039,pos
8040,pos
8041,pos
8042,pos
8043,neg
8044,neg
8045,neg
8046,pos
8047,neg
8048,neg
8049,neg
8050,pos
8051,pos
8052,pos
8053,pos
8054,pos
8055,neg
8056,pos
8057,neg
8058,pos
8059,pos
8060,neg
8061,pos
8062,pos
8063,pos
8064,neg
8065,neg
8066,neg
8067,pos
8068,neg
8069,pos
8070,neg
8071,neg
8072,neg
8073,pos
8074,neg
8075,pos
8076,pos
8077,pos
8078,pos
8079,pos
8080,neg
8081,neg
8082,neg
8083,neg
8084,neg
8085,neg
8086,neg
8087,pos
8088,neg
8089,neg
8090,pos
8091,neg
8092,neg
8093,pos
8094,pos
8095,neg
8096,pos
8097,neg
8098,pos
8099,neg
8100,neg
8101,pos
8102,neg
8103,pos
8104,pos
8105,pos
8106,neg
8107,pos
8108,neg
8109,pos
8110,pos
8111,neg
8112,pos
8113,pos
8114,neg
8115,neg
8116,neg
8117,pos
8118,pos
8119,neg
8120,neg
8121,pos
8122,pos
8123,pos
8124,pos
8125,pos
8126,neg
8127,neg
8128,pos
8129,pos
8130,pos
8131,pos
8132,pos
8133,pos
8134,neg
8135,pos
8136,pos
8137,pos
8138,neg
8139,pos
8140,neg
8141,neg
8142,pos
8143,pos
8144,neg
8145,pos
8146,neg
8147,pos
8148,pos
8149,neg
8150,neg
8151,pos
8152,pos
8153,neg
8154,pos
8155,neg
8156,pos
8157,pos
8158,pos
8159,neg
8160,pos
8161,neg
8162,neg
8163,pos
8164,pos
8165,pos
8166,neg
8167,pos
8168,neg
8169,pos
8170,pos
8171,pos
8172,neg
8173,pos
8174,neg
8175,pos
8176,pos
8177,neg
8178,neg
8179,pos
8180,pos
8181,neg
8182,neg
8183,neg
8184,neg
8185,pos
8186,neg
8187,neg
8188,neg
8189,pos
8190,pos
8191,neg
8192,neg
8193,neg
8194,neg
8195,neg
8196,pos
8197,pos
8198,neg
8199,pos
8200,neg
8201,neg
8202,neg
8203,neg
8204,pos
8205,neg
8206,neg
8207,pos
8208,pos
8209,pos
8210,neg
8211,neg
8212,pos
8213,neg
8214,pos
8215,pos
8216,pos
8217,neg
8218,neg
8219,neg
8220,neg
8221,neg
8222,pos
8223,neg
8224,pos
8225,neg
8226,neg
8227,pos
8228,pos
8229,pos
8230,neg
8231,pos
8232,neg
8233,neg
8234,pos
8235,neg
8236,pos
8237,neg
8238,neg
8239,pos
8240,pos
8241,pos
8242,pos
8243,pos
8244,neg
8245,neg
8246,pos
8247,pos
8248,pos
8249,pos
8250,pos
8251,neg
8252,neg
8253,pos
8254,neg
8255,neg
8256,pos
8257,neg
8258,neg
8259,pos
8260,pos
8261,pos
8262,neg
8263,neg
8264,pos
8265,pos
8266,pos
8267,pos
8268,neg
8269,neg
8270,neg
8271,pos
8272,pos
8273,neg
8274,pos
8275,pos
8276,neg
8277,pos
8278,pos
8279,pos
8280,neg
8281,neg
8282,pos
8283,neg
8284,pos
8285,pos
8286,pos
8287,neg
8288,pos
8289,neg
8290,pos
8291,neg
8292,neg
8293,neg
8294,neg
8295,neg
8296,neg
8297,neg
8298,pos
8299,pos
8300,neg
8301,pos
8302,pos
8303,neg
8304,neg
8305,neg
8306,neg
8307,pos
8308,neg
8309,pos
8310,neg
8311,neg
8312,neg
8313,pos
8314,neg
8315,neg
8316,neg
8317,pos
8318,pos
8319,pos
8320,neg
8321,neg
8322,neg
8323,pos
8324,pos
8325,neg
8326,neg
8327,neg
8328,neg
8329,pos
8330,neg
8331,pos
8332,pos
8333,neg
8334,neg
8335,neg
8336,pos
8337,neg
8338,neg
8339,neg
8340,pos
8341,pos
8342,neg
8343,neg
8344,pos
8345,pos
8346,pos
8347,pos
8348,pos
8349,pos
8350,neg
8351,pos
8352,pos
8353,pos
8354,neg
8355,neg
8356,pos
8357,pos
8358,neg
8359,neg
8360,neg
8361,pos
8362,neg
8363,neg
8364,pos
8365,neg
8366,pos
8367,neg
8368,pos
8369,pos
8370,neg
8371,pos
8372,pos
8373,pos
8374,neg
8375,neg
8376,pos
8377,neg
8378,pos
8379,pos
8380,pos
8381,neg
8382,pos
8383,pos
8384,pos
8385,neg
8386,neg
8387,neg
8388,neg
8389,pos
8390,neg
8391,pos
8392,pos
8393,pos
8394,pos
8395,neg
8396,neg
8397,neg
8398,neg
8399,neg
8400,pos
8401,neg
8402,pos
8403,pos
8404,neg
8405,pos
8406,neg
8407,neg
8408,neg
8409,neg
8410,neg
8411,pos
8412,neg
8413,pos
8414,pos
8415,pos
8416,pos
8417,neg
8418,pos
8419,neg
8420,neg
8421,pos
8422,pos
8423,neg
8424,neg
8425,pos
8426,pos
8427,pos
8428,neg
8429,neg
8430,neg
8431,neg
8432,pos
8433,neg
8434,neg
8435,pos
8436,pos
8437,pos
8438,pos
8439,pos
8440,pos
8441,pos
8442,neg
8443,neg
8444,neg
8445,neg
8446,pos
8447,neg
8448,pos
8449,pos
8450,pos
8451,neg
8452,neg
8453,neg
8454,pos
8455,pos
8456,neg
8457,neg
8458,neg
8459,neg
8460,neg
8461,pos
8462,neg
8463,neg
8464,neg
8465,pos
8466,pos
8467,pos
8468,pos
8469,pos
8470,neg
8471,pos
8472,pos
8473,pos
8474,pos
8475,neg
8476,pos
8477,pos
8478,neg
8479,neg
8480,neg
8481,neg
8482,pos
8483,neg
8484,pos
8485,pos
8486,pos
8487,neg
8488,pos
8489,pos
8490,pos
8491,neg
8492,neg
8493,pos
8494,neg
8495,pos
8496,neg
8497,neg
8498,pos
8499,pos
8500,neg
8501,neg
8502,pos
8503,pos
8504,neg
8505,neg
8506,neg
8507,neg
8508,pos
8509,neg
8510,pos
8511,neg
8512,neg
8513,neg
8514,neg
8515,pos
8516,neg
8517,pos
8518,pos
8519,neg
8520,neg
8521,neg
8522,neg
8523,pos
8524,neg
8525,pos
8526,pos
8527,neg
8528,neg
8529,neg
8530,neg
8531,pos
8532,neg
8533,pos
8534,neg
8535,pos
8536,neg
8537,pos
8538,pos
8539,pos
8540,neg
8541,pos
8542,pos
8543,neg
8544,pos
8545,pos
8546,pos
8547,neg
8548,pos
8549,pos
8550,pos
8551,neg
8552,pos
8553,neg
8554,pos
8555,neg
8556,pos
8557,pos
8558,neg
8559,pos
8560,pos
8561,neg
8562,neg
8563,neg
8564,pos
8565,neg
8566,neg
8567,pos
8568,pos
8569,pos
8570,neg
8571,pos
8572,pos
8573,neg
8574,pos
8575,pos
8576,pos
8577,pos
8578,pos
8579,pos
8580,pos
8581,neg
8582,neg
8583,neg
8584,pos
8585,pos
8586,neg
8587,neg
8588,neg
8589,neg
8590,pos
8591,neg
8592,pos
8593,pos
8594,pos
8595,pos
8596,pos
8597,pos
8598,neg
8599,pos
8600,neg
8601,neg
8602,pos
8603,neg
8604,neg
8605,neg
8606,neg
8607,pos
8608,neg
8609,neg
8610,pos
8611,pos
8612,pos
8613,neg
8614,neg
8615,neg
8616,neg
8617,neg
8618,pos
8619,neg
8620,neg
8621,neg
8622,pos
8623,neg
8624,neg
8625,neg
8626,neg
8627,pos
8628,pos
8629,pos
8630,neg
8631,pos
8632,pos
8633,pos
8634,pos
8635,neg
8636,pos
8637,neg
8638,pos
8639,pos
8640,neg
8641,neg
8642,pos
8643,pos
8644,pos
8645,pos
8646,pos
8647,neg
8648,neg
8649,pos
8650,neg
8651,neg
8652,neg
8653,pos
8654,pos
8655,pos
8656,pos
8657,pos
8658,pos
8659,pos
8660,pos
8661,pos
8662,neg
8663,pos
8664,pos
8665,pos
8666,pos
8667,pos
8668,pos
8669,pos
8670,neg
8671,pos
8672,neg
8673,neg
8674,pos
8675,pos
8676,pos
8677,pos
8678,neg
8679,pos
8680,pos
8681,pos
8682,pos
8683,pos
8684,neg
8685,pos
8686,neg
8687,neg
8688,pos
8689,pos
8690,pos
8691,pos
8692,neg
8693,neg
8694,neg
8695,pos
8696,neg
8697,neg
8698,neg
8699,neg
8700,pos
8701,pos
8702,pos
8703,pos
8704,neg
8705,neg
8706,pos
8707,pos
8708,pos
8709,pos
8710,neg
8711,pos
8712,pos
8713,pos
8714,pos
8715,neg
8716,neg
8717,neg
8718,pos
8719,neg
8720,pos
8721,pos
8722,neg
8723,neg
8724,pos
8725,neg
8726,pos
8727,neg
8728,pos
8729,neg
8730,pos
8731,pos
8732,neg
8733,neg
8734,neg
8735,neg
8736,neg
8737,neg
8738,neg
8739,pos
8740,neg
8741,pos
8742,pos
8743,neg
8744,neg
8745,neg
8746,neg
8747,pos
8748,pos
8749,pos
8750,neg
8751,pos
8752,pos
8753,neg
8754,pos
8755,pos
8756,pos
8757,neg
8758,neg
8759,neg
8760,neg
8761,neg
8762,pos
8763,pos
8764,pos
8765,pos
8766,neg
8767,pos
8768,pos
8769,pos
8770,neg
8771,neg
8772,neg
8773,neg
8774,pos
8775,neg
8776,neg
8777,pos
8778,pos
8779,neg
8780,neg
8781,neg
8782,neg
8783,pos
8784,pos
8785,neg
8786,pos
8787,pos
8788,pos
8789,pos
8790,neg
8791,neg
8792,neg
8793,pos
8794,neg
8795,pos
8796,pos
8797,neg
8798,pos
8799,pos
8800,neg
8801,neg
8802,pos
8803,pos
8804,neg
8805,pos
8806,pos
8807,neg
8808,pos
8809,neg
8810,neg
8811,pos
8812,neg
8813,neg
8814,neg
8815,pos
8816,pos
8817,neg
8818,pos
8819,pos
8820,pos
8821,pos
8822,pos
8823,neg
8824,pos
8825,pos
8826,neg
8827,neg
8828,neg
8829,neg
8830,pos
8831,pos
8832,neg
8833,neg
8834,neg
8835,neg
8836,pos
8837,neg
8838,neg
8839,neg
8840,neg
8841,neg
8842,pos
8843,neg
8844,pos
8845,neg
8846,pos
8847,pos
8848,neg
8849,neg
8850,pos
8851,neg
8852,pos
8853,neg
8854,pos
8855,neg
8856,neg
8857,pos
8858,neg
8859,neg
8860,pos
8861,neg
8862,pos
8863,neg
8864,neg
8865,pos
8866,pos
8867,pos
8868,neg
8869,neg
8870,pos
8871,pos
8872,neg
8873,pos
8874,neg
8875,neg
8876,pos
8877,neg
8878,pos
8879,pos
8880,neg
8881,pos
8882,neg
8883,pos
8884,neg
8885,pos
8886,pos
8887,neg
8888,neg
8889,neg
8890,pos
8891,pos
8892,neg
8893,pos
8894,pos
8895,neg
8896,neg
8897,neg
8898,neg
8899,pos
8900,pos
8901,neg
8902,pos
8903,pos
8904,pos
8905,neg
8906,neg
8907,pos
8908,pos
8909,neg
8910,neg
8911,pos
8912,neg
8913,neg
8914,pos
8915,neg
8916,neg
8917,neg
8918,neg
8919,neg
8920,pos
8921,pos
8922,neg
8923,neg
8924,pos
8925,pos
8926,pos
8927,pos
8928,neg
8929,neg
8930,pos
8931,pos
8932,pos
8933,neg
8934,neg
8935,pos
8936,neg
8937,pos
8938,pos
8939,neg
8940,neg
8941,neg
8942,pos
8943,neg
8944,pos
8945,pos
8946,pos
8947,pos
8948,neg
8949,pos
8950,neg
8951,pos
8952,neg
8953,pos
8954,pos
8955,pos
8956,neg
8957,pos
8958,pos
8959,neg
8960,neg
8961,neg
8962,neg
8963,neg
8964,pos
8965,neg
8966,pos
8967,neg
8968,pos
8969,neg
8970,pos
8971,neg
8972,pos
8973,pos
8974,pos
8975,pos
8976,pos
8977,pos
8978,neg
8979,pos
8980,neg
8981,pos
8982,neg
8983,pos
8984,neg
8985,pos
8986,neg
8987,neg
8988,neg
8989,pos
8990,neg
8991,pos
8992,pos
8993,pos
8994,neg
8995,pos
8996,neg
8997,neg
8998,pos
8999,pos
9000,pos
9001,pos
9002,pos
9003,neg
9004,neg
9005,pos
9006,neg
9007,neg
9008,neg
9009,pos
9010,pos
9011,pos
9012,pos
9013,pos
9014,pos
9015,neg
9016,neg
9017,neg
9018,pos
9019,neg
9020,pos
9021,neg
9022,pos
9023,pos
9024,neg
9025,neg
9026,pos
9027,neg
9028,neg
9029,pos
9030,pos
9031,neg
9032,neg
9033,neg
9034,pos
9035,pos
9036,neg
9037,pos
9038,neg
9039,neg
9040,neg
9041,pos
9042,pos
9043,neg
9044,neg
9045,pos
9046,pos
9047,neg
9048,neg
9049,pos
9050,pos
9051,pos
9052,pos
9053,pos
9054,neg
9055,pos
9056,neg
9057,neg
9058,pos
9059,neg
9060,neg
9061,pos
9062,pos
9063,pos
9064,neg
9065,neg
9066,pos
9067,pos
9068,pos
9069,pos
9070,pos
9071,neg
9072,neg
9073,pos
9074,neg
9075,neg
9076,pos
9077,pos
9078,pos
9079,neg
9080,pos
9081,neg
9082,neg
9083,neg
9084,pos
9085,neg
9086,pos
9087,neg
9088,pos
9089,neg
9090,pos
9091,pos
9092,pos
9093,pos
9094,neg
9095,pos
9096,neg
9097,pos
9098,neg
9099,neg
9100,neg
9101,neg
9102,pos
9103,pos
9104,pos
9105,pos
9106,pos
9107,pos
9108,pos
9109,neg
9110,neg
9111,neg
9112,pos
9113,pos
9114,pos
9115,pos
9116,pos
9117,neg
9118,neg
9119,neg
9120,pos
9121,pos
9122,pos
9123,pos
9124,pos
9125,neg
9126,pos
9127,pos
9128,pos
9129,neg
9130,neg
9131,neg
9132,pos
9133,neg
9134,pos
9135,pos
9136,neg
9137,pos
9138,pos
9139,pos
9140,pos
9141,neg
9142,pos
9143,pos
9144,pos
9145,pos
9146,pos
9147,pos
9148,neg
9149,neg
9150,pos
9151,neg
9152,neg
9153,pos
9154,pos
9155,neg
9156,neg
9157,pos
9158,pos
9159,neg
9160,pos
9161,neg
9162,pos
9163,pos
9164,pos
9165,neg
9166,pos
9167,pos
9168,pos
9169,pos
9170,neg
9171,pos
9172,pos
9173,neg
9174,pos
9175,neg
9176,neg
9177,pos
9178,pos
9179,pos
9180,pos
9181,pos
9182,pos
9183,pos
9184,pos
9185,neg
9186,neg
9187,pos
9188,pos
9189,neg
9190,neg
9191,pos
9192,neg
9193,neg
9194,pos
9195,pos
9196,pos
9197,neg
9198,pos
9199,pos
9200,pos
9201,neg
9202,pos
9203,neg
9204,neg
9205,neg
9206,pos
9207,neg
9208,pos
9209,neg
9210,neg
9211,pos
9212,pos
9213,pos
9214,pos
9215,pos
9216,pos
9217,pos
9218,pos
9219,neg
9220,pos
9221,neg
9222,pos
9223,pos
9224,pos
9225,pos
9226,pos
9227,pos
9228,neg
9229,neg
9230,pos
9231,neg
9232,neg
9233,pos
9234,neg
9235,pos
9236,pos
9237,neg
9238,pos
9239,neg
9240,neg
9241,pos
9242,neg
9243,pos
9244,pos
9245,neg
9246,neg
9247,pos
9248,pos
9249,pos
9250,neg
9251,neg
9252,pos
9253,pos
9254,neg
9255,neg
9256,pos
9257,pos
9258,pos
9259,pos
9260,neg
9261,pos
9262,pos
9263,pos
9264,pos
9265,neg
9266,pos
9267,pos
9268,pos
9269,pos
9270,pos
9271,neg
9272,neg
9273,neg
9274,neg
9275,neg
9276,neg
9277,pos
9278,pos
9279,pos
9280,pos
9281,neg
9282,neg
9283,neg
9284,pos
9285,neg
9286,neg
9287,neg
9288,neg
9289,neg
9290,pos
9291,pos
9292,neg
9293,neg
9294,pos
9295,pos
9296,pos
9297,pos
9298,neg
9299,neg
9300,pos
9301,pos
9302,pos
9303,pos
9304,neg
9305,neg
9306,pos
9307,neg
9308,pos
9309,pos
9310,pos
9311,pos
9312,pos
9313,pos
9314,neg
9315,pos
9316,neg
9317,neg
9318,pos
9319,neg
9320,pos
9321,pos
9322,pos
9323,neg
9324,pos
9325,neg
9326,pos
9327,pos
9328,neg
9329,neg
9330,neg
9331,pos
9332,neg
9333,pos
9334,pos
9335,pos
9336,pos
9337,neg
9338,pos
9339,neg
9340,neg
9341,neg
9342,neg
9343,pos
9344,neg
9345,neg
9346,pos
9347,neg
9348,neg
9349,pos
9350,neg
9351,neg
9352,neg
9353,neg
9354,pos
9355,pos
9356,pos
9357,neg
9358,neg
9359,pos
9360,pos
9361,pos
9362,pos
9363,pos
9364,pos
9365,pos
9366,neg
9367,pos
9368,neg
9369,pos
9370,neg
9371,neg
9372,pos
9373,neg
9374,pos
9375,neg
9376,pos
9377,neg
9378,neg
9379,neg
9380,neg
9381,pos
9382,neg
9383,neg
9384,neg
9385,pos
9386,pos
9387,pos
9388,pos
9389,neg
9390,pos
9391,neg
9392,neg
9393,pos
9394,neg
9395,pos
9396,neg
9397,neg
9398,neg
9399,pos
9400,pos
9401,pos
9402,pos
9403,pos
9404,pos
9405,neg
9406,neg
9407,pos
9408,neg
9409,pos
9410,pos
9411,neg
9412,neg
9413,neg
9414,neg
9415,neg
9416,neg
9417,pos
9418,neg
9419,pos
9420,pos
9421,neg
9422,pos
9423,pos
9424,neg
9425,pos
9426,pos
9427,neg
9428,pos
9429,pos
9430,pos
9431,pos
9432,pos
9433,neg
9434,neg
9435,neg
9436,neg
9437,neg
9438,neg
9439,pos
9440,pos
9441,neg
9442,pos
9443,neg
9444,neg
9445,neg
9446,neg
9447,neg
9448,pos
9449,neg
9450,neg
9451,neg
9452,neg
9453,pos
9454,pos
9455,pos
9456,neg
9457,neg
9458,pos
9459,neg
9460,neg
9461,neg
9462,neg
9463,neg
9464,pos
9465,pos
9466,pos
9467,neg
9468,neg
9469,neg
9470,pos
9471,pos
9472,pos
9473,pos
9474,pos
9475,neg
9476,pos
9477,pos
9478,neg
9479,neg
9480,neg
9481,pos
9482,neg
9483,pos
9484,pos
9485,pos
9486,pos
9487,pos
9488,pos
9489,neg
9490,neg
9491,neg
9492,pos
9493,neg
9494,neg
9495,neg
9496,pos
9497,neg
9498,pos
9499,pos
9500,pos
9501,pos
9502,neg
9503,pos
9504,neg
9505,neg
9506,neg
9507,pos
9508,pos
9509,pos
9510,neg
9511,pos
9512,neg
9513,neg
9514,neg
9515,neg
9516,neg
9517,neg
9518,neg
9519,pos
9520,neg
9521,pos
9522,neg
9523,neg
9524,pos
9525,pos
9526,neg
9527,neg
9528,pos
9529,pos
9530,neg
9531,neg
9532,neg
9533,neg
9534,neg
9535,pos
9536,neg
9537,neg
9538,pos
9539,pos
9540,pos
9541,pos
9542,neg
9543,pos
9544,neg
9545,neg
9546,neg
9547,pos
9548,pos
9549,neg
9550,pos
9551,neg
9552,neg
9553,neg
9554,neg
9555,neg
9556,pos
9557,pos
9558,pos
9559,pos
9560,pos
9561,neg
9562,pos
9563,neg
9564,pos
9565,neg
9566,pos
9567,pos
9568,neg
9569,pos
9570,pos
9571,pos
9572,neg
9573,neg
9574,pos
9575,pos
9576,pos
9577,pos
9578,pos
9579,pos
9580,pos
9581,pos
9582,pos
9583,pos
9584,neg
9585,neg
9586,pos
9587,pos
9588,neg
9589,pos
9590,neg
9591,pos
9592,pos
9593,pos
9594,pos
9595,neg
9596,neg
9597,neg
9598,neg
9599,pos
9600,neg
9601,neg
9602,neg
9603,pos
9604,neg
9605,pos
9606,pos
9607,neg
9608,neg
9609,pos
9610,neg
9611,pos
9612,neg
9613,pos
9614,pos
9615,neg
9616,neg
9617,neg
9618,pos
9619,pos
9620,neg
9621,pos
9622,neg
9623,neg
9624,pos
9625,neg
9626,neg
9627,neg
9628,pos
9629,neg
9630,pos
9631,pos
9632,pos
9633,pos
9634,pos
9635,neg
9636,neg
9637,pos
9638,pos
9639,pos
9640,pos
9641,pos
9642,neg
9643,neg
9644,pos
9645,pos
9646,pos
9647,pos
9648,neg
9649,pos
9650,neg
9651,neg
9652,neg
9653,pos
9654,neg
9655,neg
9656,pos
9657,pos
9658,pos
9659,neg
9660,pos
9661,pos
9662,neg
9663,pos
9664,neg
9665,pos
9666,neg
9667,neg
9668,pos
9669,pos
9670,neg
9671,neg
9672,neg
9673,pos
9674,pos
9675,neg
9676,pos
9677,neg
9678,neg
9679,pos
9680,pos
9681,pos
9682,pos
9683,pos
9684,pos
9685,neg
9686,neg
9687,neg
9688,pos
9689,pos
9690,neg
9691,pos
9692,pos
9693,neg
9694,neg
9695,pos
9696,neg
9697,neg
9698,neg
9699,pos
9700,neg
9701,pos
9702,neg
9703,pos
9704,neg
9705,pos
9706,pos
9707,pos
9708,pos
9709,pos
9710,neg
9711,neg
9712,neg
9713,neg
9714,pos
9715,pos
9716,pos
9717,pos
9718,pos
9719,neg
9720,pos
9721,neg
9722,pos
9723,pos
9724,neg
9725,pos
9726,neg
9727,pos
9728,neg
9729,neg
9730,pos
9731,neg
9732,neg
9733,pos
9734,neg
9735,neg
9736,neg
9737,pos
9738,neg
9739,neg
9740,neg
9741,neg
9742,pos
9743,neg
9744,neg
9745,pos
9746,pos
9747,pos
9748,neg
9749,neg
9750,pos
9751,pos
9752,neg
9753,neg
9754,neg
9755,neg
9756,pos
9757,pos
9758,pos
9759,pos
9760,neg
9761,neg
9762,neg
9763,neg
9764,pos
9765,neg
9766,pos
9767,neg
9768,neg
9769,pos
9770,pos
9771,pos
9772,pos
9773,pos
9774,pos
9775,pos
9776,pos
9777,neg
9778,pos
9779,pos
9780,neg
9781,pos
9782,neg
9783,pos
9784,pos
9785,pos
9786,pos
9787,pos
9788,pos
9789,pos
9790,pos
9791,pos
9792,neg
9793,pos
9794,neg
9795,neg
9796,neg
9797,neg
9798,neg
9799,neg
9800,pos
9801,neg
9802,neg
9803,pos
9804,pos
9805,pos
9806,pos
9807,neg
9808,pos
9809,neg
9810,pos
9811,neg
9812,neg
9813,pos
9814,pos
9815,pos
9816,neg
9817,pos
9818,pos
9819,pos
9820,neg
9821,neg
9822,neg
9823,pos
9824,neg
9825,neg
9826,pos
9827,pos
9828,pos
9829,pos
9830,pos
9831,neg
9832,neg
9833,pos
9834,neg
9835,pos
9836,pos
9837,pos
9838,pos
9839,pos
9840,neg
9841,neg
9842,pos
9843,pos
9844,pos
9845,pos
9846,neg
9847,neg
9848,neg
9849,neg
9850,pos
9851,pos
9852,neg
9853,pos
9854,neg
9855,pos
9856,neg
9857,pos
9858,pos
9859,neg
9860,pos
9861,neg
9862,neg
9863,pos
9864,neg
9865,pos
9866,pos
9867,neg
9868,pos
9869,pos
9870,neg
9871,neg
9872,pos
9873,neg
9874,pos
9875,pos
9876,pos
9877,pos
9878,pos
9879,pos
9880,neg
9881,pos
9882,neg
9883,pos
9884,pos
9885,pos
9886,neg
9887,neg
9888,neg
9889,neg
9890,neg
9891,neg
9892,neg
9893,neg
9894,neg
9895,pos
9896,neg
9897,neg
9898,neg
9899,pos
9900,neg
9901,pos
9902,neg
9903,neg
9904,pos
9905,neg
9906,pos
9907,neg
9908,pos
9909,neg
9910,pos
9911,neg
9912,neg
9913,neg
9914,neg
9915,neg
9916,neg
9917,pos
9918,pos
9919,pos
9920,neg
9921,pos
9922,neg
9923,neg
9924,neg
9925,pos
9926,pos
9927,neg
9928,pos
9929,pos
9930,pos
9931,neg
9932,pos
9933,pos
9934,pos
9935,pos
9936,pos
9937,neg
9938,pos
9939,pos
9940,pos
9941,neg
9942,pos
9943,neg
9944,pos
9945,neg
9946,neg
9947,pos
9948,pos
9949,neg
9950,neg
9951,neg
9952,neg
9953,neg
9954,pos
9955,neg
9956,neg
9957,neg
9958,pos
9959,pos
9960,pos
9961,pos
9962,neg
9963,neg
9964,pos
9965,neg
9966,pos
9967,neg
9968,neg
9969,neg
9970,pos
9971,pos
9972,neg
9973,neg
9974,neg
9975,pos
9976,neg
9977,pos
9978,neg
9979,neg
9980,neg
9981,pos
9982,neg
9983,neg
9984,pos
9985,pos
9986,pos
9987,pos
9988,pos
9989,neg
9990,pos
9991,pos
9992,neg
9993,pos
9994,neg
9995,neg
9996,neg
9997,pos
9998,neg
9999,neg
